,Date,target,Volume,Volume_in_past1,Volume_in_past2,price_in_past1,price_in_past2,delta_target,delta_price_in_past,delta_volume_in_past,sp500,sp500_in_past1,sp500_in_past2,delta_sp500_in_past
0,2020-04-14,6.849763610018782,530948000,398408000.0,525564000.0,6.489839934450246,6.775039347078759,0.05545956128408359,-0.042095609784389594,-0.24194198993842805,261.2493529164219,257.6790314843199,258.0880943679367,-0.0015849738618071544
1,2020-04-15,6.904561298379728,366148000,530948000.0,398408000.0,6.849763610018782,6.489839934450246,0.007999938608216513,0.05545956128408359,0.3326740426899058,258.0787718434594,261.2493529164219,257.6790314843199,0.013855692531657353
2,2020-04-16,7.150655027784946,745620000,366148000.0,530948000.0,6.904561298379728,6.849763610018782,0.03564219633519195,0.007999938608216513,-0.3103882112749271,259.5478508998996,258.0787718434594,261.2493529164219,-0.012136225554506375
3,2020-04-17,7.42265265770683,539120000,745620000.0,366148000.0,7.150655027784946,6.904561298379728,0.03803814180169448,0.03564219633519195,1.0363896566415767,265.34037107877293,259.5478508998996,258.0787718434594,0.005692366892273031
4,2020-04-20,7.154641357933581,449388000,539120000.0,745620000.0,7.42265265770683,7.150655027784946,-0.03610721289712732,0.03803814180169448,-0.276950725570666,262.7649235421949,265.34037107877293,259.5478508998996,0.02231773508734378
5,2020-04-21,7.031841996046152,735160000,449388000.0,539120000.0,7.154641357933581,7.42265265770683,-0.017163594336040373,-0.03610721289712732,-0.1664416085472622,257.29780025339164,262.7649235421949,265.34037107877293,-0.009706203116047755
6,2020-04-22,6.905309503891519,483356000,735160000.0,449388000.0,7.031841996046152,7.154641357933581,-0.017994217194553002,-0.017163594336040373,0.6359137315638157,258.8040389101053,257.29780025339164,262.7649235421949,-0.020806138106653813
7,2020-04-23,7.1695851787187115,424160000,483356000.0,735160000.0,6.905309503891519,7.031841996046152,0.03827137287304198,-0.017994217194553002,-0.3425159149028783,260.7937802711861,258.8040389101053,257.29780025339164,0.005854067369523918
8,2020-04-24,7.0639747533807835,352328000,424160000.0,483356000.0,7.1695851787187115,6.905309503891519,-0.014730339720547372,0.03827137287304198,-0.12246873939704897,261.0169736937422,260.7937802711861,258.8040389101053,0.007688216031945054
9,2020-04-27,7.347679246189242,479388000,352328000.0,424160000.0,7.0639747533807835,7.1695851787187115,0.04016216120714172,-0.014730339720547372,-0.1693511882308563,265.09862995227377,261.0169736937422,260.7937802711861,0.0008558234108344923
10,2020-04-28,7.547192941781907,442904000,479388000.0,352328000.0,7.347679246189242,7.0639747533807835,0.027153294109312064,0.04016216120714172,0.360629867623351,270.5843753530903,265.09862995227377,261.0169736937422,0.01563751276696918
11,2020-04-29,7.392016524384657,379160000,442904000.0,479388000.0,7.547192941781907,7.347679246189242,-0.02056081229064375,0.027153294109312064,-0.07610536767712166,271.0584615413226,270.5843753530903,265.09862995227377,0.020693224260737032
12,2020-04-30,7.380059846645527,375916000,379160000.0,442904000.0,7.392016524384657,7.547192941781907,-0.0016175123120582516,-0.02056081229064375,-0.14392283655148747,271.2258243666568,271.0584615413226,270.5843753530903,0.0017520826456206865
13,2020-05-01,7.0826553577426115,342096000,375916000.0,379160000.0,7.380059846645527,7.392016524384657,-0.04029838444170552,-0.0016175123120582516,-0.008555754826458487,265.275314984306,271.2258243666568,271.0584615413226,0.0006174418034491902
14,2020-05-04,6.996224123851713,317556000,342096000.0,375916000.0,7.0826553577426115,7.380059846645527,-0.012203224571193341,-0.04029838444170552,-0.08996690750061184,261.0262705544154,265.275314984306,271.2258243666568,-0.021939317158481884
15,2020-05-05,7.359635380039009,368896000,317556000.0,342096000.0,6.996224123851713,7.0826553577426115,0.05194391285269795,-0.012203224571193341,-0.07173425003507787,266.511917840321,261.0262705544154,265.275314984306,-0.01601748896289872
16,2020-05-06,7.3960015798057945,323464000,368896000.0,317556000.0,7.359635380039009,6.996224123851713,0.004941304546882688,0.05194391285269795,0.16167227197722606,267.81363587457895,266.511917840321,261.0262705544154,0.021015690391063616
17,2020-05-07,7.556659104625478,373732000,323464000.0,368896000.0,7.3960015798057945,7.359635380039009,0.021722213426555528,0.004941304546882688,-0.12315666204024983,267.5439426668808,267.81363587457895,266.511917840321,0.0048842770139752145
18,2020-05-08,7.665507399718364,339216000,373732000.0,323464000.0,7.556659104625478,7.3960015798057945,0.014404288136573405,0.021722213426555528,0.15540523829545175,270.6493945918903,267.5439426668808,267.81363587457895,-0.0010070182080812384
19,2020-05-11,7.778839210396345,469060000,339216000.0,373732000.0,7.665507399718364,7.556659104625478,0.01478464565596077,0.014404288136573405,-0.09235494953603117,269.9520922042716,270.6493945918903,267.5439426668808,0.011607259331137633
20,2020-05-12,8.093679830683575,493060000,469060000.0,339216000.0,7.778839210396345,7.665507399718364,0.04047398484165199,0.01478464565596077,0.38277675581340503,273.15984904420077,269.9520922042716,270.6493945918903,-0.002576404756678564
21,2020-05-13,7.888437525879459,625852000,493060000.0,469060000.0,8.093679830683575,7.778839210396345,-0.025358342447156325,0.04047398484165199,0.051166162111456956,265.97261259115965,273.15984904420077,269.9520922042716,0.011882689308819578
22,2020-05-14,7.812964929554271,602312000,625852000.0,493060000.0,7.888437525879459,8.093679830683575,-0.009567496234531396,-0.025358342447156325,0.2693221920253113,259.3619669165007,265.97261259115965,273.15984904420077,-0.026311467363119446
23,2020-05-15,7.860786409150367,987660000,602312000.0,625852000.0,7.812964929554271,7.888437525879459,0.0061207851343605445,-0.009567496234531396,-0.037612726331464945,262.5417149243361,259.3619669165007,265.97261259115965,-0.024854610443747108
24,2020-05-18,8.728341623199956,774460000,987660000.0,602312000.0,7.860786409150367,7.812964929554271,0.11036493919230643,0.0061207851343605445,0.6397813757653841,272.47174005396664,262.5417149243361,259.3619669165007,0.0122598854629255
25,2020-05-19,8.757982920775056,717320000,774460000.0,987660000.0,8.728341623199956,7.860786409150367,0.003395982748465495,0.11036493919230643,-0.21586375878338698,273.68053054339833,272.47174005396664,262.5417149243361,0.03782265661094038
26,2020-05-20,8.957995574868523,587536000,717320000.0,774460000.0,8.757982920775056,8.728341623199956,0.022837753384858855,0.003395982748465495,-0.07378044056503887,275.04733475964366,273.68053054339833,272.47174005396664,0.004436388482681819
27,2020-05-21,9.018274002825928,761068000,587536000.0,717320000.0,8.957995574868523,8.757982920775056,0.006729008454359458,0.022837753384858855,-0.18092901355043775,275.94922181093335,275.04733475964366,273.68053054339833,0.004994159480513683
28,2020-05-22,8.792855860477836,1038764000,761068000.0,587536000.0,9.018274002825928,8.957995574868523,-0.024995707856897652,0.006729008454359458,0.2953555186405599,273.8850967884195,275.94922181093335,275.04733475964366,0.0032790248706748076
29,2020-05-26,9.123137730859893,770780000,1038764000.0,761068000.0,8.792855860477836,9.018274002825928,0.03756252526174228,-0.024995707856897652,0.36487672586418035,280.7282457117374,273.8850967884195,275.94922181093335,-0.007480090028766541
30,2020-05-27,8.593339977535337,1175892000,770780000.0,1038764000.0,9.123137730859893,8.792855860477836,-0.05807187931981612,0.03756252526174228,-0.2579835265758151,280.90495001347256,280.7282457117374,273.8850967884195,0.024985473848561788
31,2020-05-28,8.381371223565477,734896000,1175892000.0,770780000.0,8.593339977535337,9.123137730859893,-0.024666631894465618,-0.05807187931981612,0.5255870676457615,283.25724327979765,280.90495001347256,280.7282457117374,0.0006294496703998644
32,2020-05-29,8.523098503753154,745256000,734896000.0,1175892000.0,8.381371223565477,8.593339977535337,0.016909796309843617,-0.024666631894465618,-0.37503104026560263,281.2209139001499,283.25724327979765,280.90495001347256,0.00837398296545601
33,2020-06-01,8.800825188704158,389876000,745256000.0,734896000.0,8.523098503753154,8.381371223565477,0.032585178363092555,0.016909796309843617,0.014097232805730334,282.2995272781476,281.2209139001499,283.25724327979765,-0.0071889754912154765
34,2020-06-02,8.763960479468725,391320000,389876000.0,745256000.0,8.800825188704158,8.523098503753154,-0.004188778716199067,0.032585178363092555,-0.4768562748907758,285.02378912295734,282.2995272781476,281.2209139001499,0.003835466441804684
35,2020-06-03,8.789866411031502,365440000,391320000.0,389876000.0,8.763960479468725,8.800825188704158,0.0029559617051522135,-0.004188778716199067,0.0037037417024900223,288.45467951627955,285.02378912295734,282.2995272781476,0.00965025294613955
36,2020-06-04,8.69993003369928,424280000,365440000.0,391320000.0,8.789866411031502,8.763960479468725,-0.010231825277725466,0.0029559617051522135,-0.06613513237248288,289.26355742608666,288.45467951627955,285.02378912295734,0.012037207153407649
37,2020-06-05,8.766216491605745,481748000,424280000.0,365440000.0,8.69993003369928,8.789866411031502,0.007619194367047002,-0.010231825277725466,0.16101138353765324,294.95392011356,289.26355742608666,288.45467951627955,0.002804176764140371
38,2020-06-08,8.848701830442812,387736000,481748000.0,424280000.0,8.766216491605745,8.69993003369928,0.009409457194680552,0.007619194367047002,0.1354482888658433,297.73388653430663,294.95392011356,289.26355742608666,0.019671896239218986
39,2020-06-09,8.77169763139391,468488000,387736000.0,481748000.0,8.848701830442812,8.766216491605745,-0.008702315946953863,0.009409457194680552,-0.19514767056635418,297.8082439121536,297.73388653430663,294.95392011356,0.00942508721252567
40,2020-06-10,9.138265701793136,632180000,468488000.0,387736000.0,8.77169763139391,8.848701830442812,0.04178986620415182,-0.008702315946953863,0.20826541770689336,298.84971861107726,297.8082439121536,297.73388653430663,0.0002497444234934662
41,2020-06-11,9.120573115586287,583652000,632180000.0,468488000.0,9.138265701793136,8.77169763139391,-0.0019360989036877063,0.04178986620415182,0.34940489404210995,289.58902566068906,298.84971861107726,297.8082439121536,0.003497131863249766
42,2020-06-12,9.133033152688672,570908000,583652000.0,632180000.0,9.120573115586287,9.138265701793136,0.0013661462875716706,-0.0019360989036877063,-0.0767629472618558,286.5950920205788,289.58902566068906,298.84971861107726,-0.030987792103094002
43,2020-06-15,8.786900466028952,400004000,570908000.0,583652000.0,9.133033152688672,9.120573115586287,-0.03789898502205942,0.0013661462875716706,-0.021834929033053944,277.09280297024503,286.5950920205788,289.58902566068906,-0.010338560424655833
44,2020-06-16,9.195330819969957,535716000,400004000.0,570908000.0,8.786900466028952,9.133033152688672,0.046481732155728706,-0.03789898502205942,-0.29935471214276205,293.326796226038,277.09280297024503,286.5950920205788,-0.03315579824950903
45,2020-06-17,9.084439533349283,408304000,535716000.0,400004000.0,9.195330819969957,8.786900466028952,-0.012059521162615081,0.046481732155728706,0.33927660723392766,292.0157652122525,293.326796226038,277.09280297024503,0.05858684556861712
46,2020-06-18,9.197325372464938,254408000,408304000.0,535716000.0,9.084439533349283,9.195330819969957,0.012426285485334325,-0.012059521162615081,-0.23783497226142208,288.2408368014011,292.0157652122525,293.326796226038,-0.004469523516614647
47,2020-06-19,9.212777351938788,524160000,254408000.0,408304000.0,9.197325372464938,9.084439533349283,0.001680051411479956,0.012426285485334325,-0.37691523962537715,293.39422421254534,288.2408368014011,292.0157652122525,-0.012927139081369846
48,2020-06-22,9.270091668982165,398468000,524160000.0,254408000.0,9.212777351938788,9.197325372464938,0.006221176834509602,0.001680051411479956,1.060312568787145,287.62292468132665,293.39422421254534,288.2408368014011,0.01787875537807626
49,2020-06-23,9.520283127566138,375108000,398468000.0,524160000.0,9.270091668982165,9.212777351938788,0.026989102968756725,0.006221176834509602,-0.23979700854700856,292.75911323057716,287.62292468132665,293.39422421254534,-0.019670801450534865
50,2020-06-24,9.445772258455685,449372000,375108000.0,398468000.0,9.520283127566138,9.270091668982165,-0.007826539201833772,0.026989102968756725,-0.05862453195739683,289.35053113495576,292.75911323057716,287.62292468132665,0.01785736847972453
51,2020-06-25,9.32566046007241,376072000,449372000.0,375108000.0,9.445772258455685,9.520283127566138,-0.012715932069583156,-0.007826539201833772,0.1979803150026126,283.4017841112006,289.35053113495576,292.75911323057716,-0.011642958123516373
52,2020-06-26,9.469447680362943,592084000,376072000.0,449372000.0,9.32566046007241,9.445772258455685,0.015418449010250313,-0.012715932069583156,-0.16311652706443658,285.9138815477473,283.4017841112006,289.35053113495576,-0.02055896355338164
53,2020-06-29,9.140260702990933,342248000,592084000.0,376072000.0,9.469447680362943,9.32566046007241,-0.03476305994642697,0.015418449010250313,0.5743900104235359,281.4779087879766,285.9138815477473,283.4017841112006,0.008864084763704257
54,2020-06-30,9.2840458445988,367892000,342248000.0,592084000.0,9.140260702990933,9.469447680362943,0.015730967231691505,-0.03476305994642697,-0.42196039751116393,283.887433157445,281.4779087879766,285.9138815477473,-0.015515066060302013
55,2020-07-01,9.490129655526301,326648000,367892000.0,342248000.0,9.2840458445988,9.140260702990933,0.022197629608582185,0.015730967231691505,0.0749281222972815,289.0984354046909,283.887433157445,281.4779087879766,0.008560261016019418
56,2020-07-02,9.607998645602894,364056000,326648000.0,367892000.0,9.490129655526301,9.2840458445988,0.01242016646294766,0.022197629608582185,-0.11210898850749676,293.4595192207186,289.0984354046909,283.887433157445,0.018355875035707812
57,2020-07-06,9.710418519612443,315892000,364056000.0,326648000.0,9.607998645602894,9.490129655526301,0.010659855167279927,0.01242016646294766,0.11452082976170067,295.44871489916267,293.4595192207186,289.0984354046909,0.015085117323180568
58,2020-07-07,9.91426254954942,357800000,315892000.0,364056000.0,9.710418519612443,9.607998645602894,0.02099230115831436,0.010659855167279927,-0.1322983277297998,294.52422853587154,295.44871489916267,293.4595192207186,0.006778432963177867
59,2020-07-08,9.96160934885514,365480000,357800000.0,315892000.0,9.91426254954942,9.710418519612443,0.004775624921076082,0.02099230115831436,0.13266559457029617,293.8051170821588,294.52422853587154,295.44871489916267,-0.0031290925181605635
60,2020-07-09,10.346866776450545,494548000,365480000.0,357800000.0,9.96160934885514,9.91426254954942,0.03867421559144779,0.004775624921076082,0.021464505310229177,295.8876464178938,293.8051170821588,294.52422853587154,-0.002441603725736125
61,2020-07-10,10.55469679418127,497676000,494548000.0,365480000.0,10.346866776450545,9.96160934885514,0.020086275606036187,0.03867421559144779,0.35314654700667614,293.5249177275487,295.8876464178938,293.8051170821588,0.0070881316037550044
62,2020-07-13,10.56092916094863,457076000,497676000.0,494548000.0,10.55469679418127,10.346866776450545,0.0005904827859002198,0.020086275606036187,0.006324967445020504,298.9600822787399,293.5249177275487,295.8876464178938,-0.007985222495595861
63,2020-07-14,10.042599101327085,542676000,457076000.0,497676000.0,10.56092916094863,10.55469679418127,-0.049079967465191,0.0005904827859002198,-0.08157918002877373,292.5816405052025,298.9600822787399,293.5249177275487,0.018516876159168624
64,2020-07-15,10.38075575724131,403984000,542676000.0,457076000.0,10.042599101327085,10.56092916094863,0.03367222493921318,-0.049079967465191,0.1872773893181878,301.08928005141837,292.5816405052025,298.9600822787399,-0.021335429549388413
65,2020-07-16,9.982791736655608,344964000,403984000.0,542676000.0,10.38075575724131,10.042599101327085,-0.03833670976297598,0.03367222493921318,-0.2555705430127737,298.6425148115598,301.08928005141837,292.5816405052025,0.029077831170560484
66,2020-07-17,10.192613661861978,266284000,344964000.0,403984000.0,9.982791736655608,10.38075575724131,0.021018361470562304,-0.03833670976297598,-0.1460948948473207,300.59430798709116,298.6425148115598,301.08928005141837,-0.008126377795452297
67,2020-07-20,10.24120577258552,284852000,266284000.0,344964000.0,10.192613661861978,9.982791736655608,0.004767384729332012,0.021018361470562304,-0.22808177085145118,300.17405529226573,300.59430798709116,298.6425148115598,0.006535550294180017
68,2020-07-21,10.479187765203843,277036000,284852000.0,266284000.0,10.24120577258552,10.192613661861978,0.023237692699757322,0.004767384729332012,0.06973006263988824,304.8621714162723,300.17405529226573,300.59430798709116,-0.0013980726968504979
69,2020-07-22,10.334156308955176,367292000,277036000.0,284852000.0,10.479187765203843,10.24120577258552,-0.013839952055277023,0.023237692699757322,-0.027438810329574657,303.1531033426866,304.8621714162723,300.17405529226573,0.015617992432563718
70,2020-07-23,10.416388429222602,411660000,367292000.0,277036000.0,10.334156308955176,10.479187765203843,0.007957313379919222,-0.013839952055277023,0.3257915938722765,304.8807391993476,303.1531033426866,304.8621714162723,-0.005606035231088236
71,2020-07-24,9.843238398092819,473292000,411660000.0,367292000.0,10.416388429222602,10.334156308955176,-0.05502387271982317,0.007957313379919222,0.12079762151095041,299.7258086962326,304.8807391993476,303.1531033426866,0.005698888903367248
72,2020-07-27,10.199341982067489,292132000,473292000.0,411660000.0,9.843238398092819,10.416388429222602,0.036177482406975686,-0.05502387271982317,0.14971578487101006,300.36082169398406,299.7258086962326,304.8807391993476,-0.016908022844120775
73,2020-07-28,10.340887711012062,271636000,292132000.0,473292000.0,10.199341982067489,9.843238398092819,0.013877927536250775,0.036177482406975686,-0.3827658189870101,301.10796278963994,300.36082169398406,299.7258086962326,0.0021186463738764503
74,2020-07-29,10.357332306514728,284508000,271636000.0,292132000.0,10.340887711012062,10.199341982067489,0.0015902498859120013,0.013877927536250775,-0.07016006462831871,300.81841364354995,301.10796278963994,300.36082169398406,0.002487478531461354
75,2020-07-30,10.341634697822542,308880000,284508000.0,271636000.0,10.357332306514728,10.340887711012062,-0.0015156034611646181,0.0015902498859120013,0.047386944293098116,300.6130021308088,300.81841364354995,301.10796278963994,-0.0009616123844997118
76,2020-07-31,10.529279388656077,386080000,308880000.0,284508000.0,10.341634697822542,10.357332306514728,0.018144587032555313,-0.0015156034611646181,0.0856636720232823,304.34849488523076,300.6130021308088,300.81841364354995,-0.0006828422178455325
77,2020-08-03,10.697982487653372,412720000,386080000.0,308880000.0,10.529279388656077,10.341634697822542,0.016022283460257514,0.018144587032555313,0.24993524993524993,306.6085343229128,304.34849488523076,300.6130021308088,0.012426251452678323
78,2020-08-04,11.01446287126139,310336000,412720000.0,386080000.0,10.697982487653372,10.529279388656077,0.029583183929612067,0.016022283460257514,0.06900124326564443,306.1789015620823,306.6085343229128,304.34849488523076,0.007425827548561755
79,2020-08-05,11.207838217205914,249924000,310336000.0,412720000.0,11.01446287126139,10.697982487653372,0.01755649351264086,0.029583183929612067,-0.2480713316534212,309.5501341792031,306.1789015620823,306.6085343229128,-0.0014012420162384139
80,2020-08-06,11.313246673361853,244316000,249924000.0,310336000.0,11.207838217205914,11.01446287126139,0.009404887375526071,0.01755649351264086,-0.19466642606723036,309.55943883723586,309.5501341792031,306.1789015620823,0.011010662720132784
81,2020-08-07,11.276117249528186,342516000,244316000.0,249924000.0,11.313246673361853,11.207838217205914,-0.0032819423906924865,0.009404887375526071,-0.022438821401706117,311.24048900203246,309.55943883723586,309.5501341792031,3.0058646420661295e-05
82,2020-08-10,11.297799346575667,427796000,342516000.0,244316000.0,11.276117249528186,11.313246673361853,0.0019228335931314108,-0.0032819423906924865,0.4019384731249693,312.9027755680474,311.24048900203246,309.55943883723586,0.005430460047062193
83,2020-08-11,11.038134994023002,354512000,427796000.0,342516000.0,11.297799346575667,11.276117249528186,-0.02298362226015005,0.0019228335931314108,0.24898106949748333,314.57436894345125,312.9027755680474,311.24048900203246,0.0053408429325661165
84,2020-08-12,10.955403185697175,464412000,354512000.0,427796000.0,11.038134994023002,11.297799346575667,-0.007495089376115144,-0.02298362226015005,-0.17130594956474582,313.25759426724863,314.57436894345125,312.9027755680474,0.005342213319678065
85,2020-08-13,11.508865011413713,374460000,464412000.0,354512000.0,10.955403185697175,11.038134994023002,0.05051953053075302,-0.007495089376115144,0.3100036105971025,314.3502113628248,313.25759426724863,314.57436894345125,-0.004185893086665684
86,2020-08-14,11.492920544472879,366436000,374460000.0,464412000.0,11.508865011413713,10.955403185697175,-0.0013854074163717354,0.05051953053075302,-0.19369008552750575,314.16344488120717,314.3502113628248,313.25759426724863,0.003487918938188625
87,2020-08-17,11.813133403388793,621300000,366436000.0,374460000.0,11.492920544472879,11.508865011413713,0.02786174825422502,-0.0013854074163717354,-0.021428189926827965,315.59234604275736,314.16344488120717,314.3502113628248,-0.0005941350597726919
88,2020-08-18,12.409960562280004,503448000,621300000.0,366436000.0,11.813133403388793,11.492920544472879,0.05052234140689556,0.02786174825422502,0.6955211824165748,315.96588485566804,315.59234604275736,314.16344488120717,0.004548273151545332
89,2020-08-19,12.25695340371678,622624000,503448000.0,621300000.0,12.409960562280004,11.813133403388793,-0.01232938314310908,0.05052234140689556,-0.1896861419604056,316.62894481545266,315.96588485566804,315.59234604275736,0.0011836117624350522
90,2020-08-20,11.936487959422175,921388000,622624000.0,503448000.0,12.25695340371678,12.409960562280004,-0.026145603539410343,-0.01232938314310908,0.2367195817641544,313.1828749622162,316.62894481545266,315.96588485566804,0.002098517566500895
91,2020-08-21,12.162507651881219,999868000,921388000.0,622624000.0,11.936487959422175,12.25695340371678,0.01893519209564763,-0.026145603539410343,0.47984658477668707,315.5735900568674,313.1828749622162,316.62894481545266,-0.010883622327216468
92,2020-08-24,12.84231532663013,490564000,999868000.0,921388000.0,12.162507651881219,11.936487959422175,0.05589370993273438,0.01893519209564763,0.08517584340147691,319.4958976784694,315.5735900568674,313.1828749622162,0.007633607345036338
93,2020-08-25,12.590126197930443,289076000,490564000.0,999868000.0,12.84231532663013,12.162507651881219,-0.01963735683835309,0.05589370993273438,-0.5093712370032845,320.8126365881978,319.4958976784694,315.5735900568674,0.012429137751657963
94,2020-08-26,12.758083793774743,321244000,289076000.0,490564000.0,12.590126197930443,12.84231532663013,0.013340421946835478,-0.01963735683835309,-0.4107272445593236,321.9613050768522,320.8126365881978,319.4958976784694,0.004121301460507315
95,2020-08-27,12.740392863056682,317604000,321244000.0,289076000.0,12.758083793774743,12.590126197930443,-0.001386644813125702,0.013340421946835478,0.11127869487608795,325.4633454666963,321.9613050768522,320.8126365881978,0.0035804963946257924
96,2020-08-28,12.634237491842033,537160000,317604000.0,321244000.0,12.740392863056682,12.758083793774743,-0.00833218978062036,-0.001386644813125702,-0.011330950928266364,326.3317341573701,325.4633454666963,321.9613050768522,0.010877208952200425
97,2020-08-31,13.140352862145061,500840000,537160000.0,317604000.0,12.634237491842033,12.740392863056682,0.04005903566636521,-0.00833218978062036,0.6912885228145741,327.18156052293955,326.3317341573701,325.4633454666963,0.002668161262303015
98,2020-09-01,13.440665585128135,511316000,500840000.0,537160000.0,13.140352862145061,12.634237491842033,0.02285423581342476,0.04005903566636521,-0.06761486335542483,327.0508417988004,327.18156052293955,326.3317341573701,0.0026041793568248256
99,2020-09-02,14.660845707915952,874012000,511316000.0,500840000.0,13.440665585128135,13.140352862145061,0.09078271571148416,0.02285423581342476,0.020916859675744748,331.21596590563496,327.0508417988004,327.18156052293955,-0.00039952961875431425
100,2020-09-03,13.78840152790422,945128000,874012000.0,511316000.0,14.660845707915952,13.440665585128135,-0.059508448379663764,0.09078271571148416,0.709338256577146,332.3365370420301,331.21596590563496,327.0508417988004,0.012735402495606297
101,2020-09-04,12.74645010480063,1463684000,945128000.0,874012000.0,13.78840152790422,14.660845707915952,-0.07556723823243366,-0.059508448379663764,0.08136730388141124,323.2406539071864,332.3365370420301,331.21596590563496,0.003383203866188016
102,2020-09-08,11.70025841605904,795728000,1463684000.0,945128000.0,12.74645010480063,13.78840152790422,-0.08207710226297191,-0.07556723823243366,0.548662191787779,314.4435962871686,323.2406539071864,332.3365370420301,-0.027369494837377287
103,2020-09-09,12.363816098955393,736200000,795728000.0,1463684000.0,11.70025841605904,12.74645010480063,0.05671307925862527,-0.08207710226297191,-0.45635260069796485,315.22805645469094,314.4435962871686,323.2406539071864,-0.02721519559400398
104,2020-09-10,12.95134937614157,698684000,736200000.0,795728000.0,12.363816098955393,11.70025841605904,0.04752038306650459,0.05671307925862527,-0.0748094826372831,319.21573910816505,315.22805645469094,314.4435962871686,0.0024947563785205494
105,2020-09-11,12.449069863720515,636928000,698684000.0,736200000.0,12.95134937614157,12.363816098955393,-0.03878202169005901,0.04752038306650459,-0.05095897853844064,313.6124937712869,319.21573910816505,315.22805645469094,0.012650151443760452
106,2020-09-14,13.042829773704758,1201744000,636928000.0,698684000.0,12.449069863720515,12.95134937614157,0.04769512232513028,-0.03878202169005901,-0.0883890285164681,315.1719642465814,313.6124937712869,319.21573910816505,-0.017553161233630533
107,2020-09-15,13.24125175960164,727556000,1201744000.0,636928000.0,13.042829773704758,12.449069863720515,0.015213108607528902,0.04769512232513028,0.8867815514469454,318.5619953448092,315.1719642465814,313.6124937712869,0.004972603152831714
108,2020-09-16,12.919442534464558,556384000,727556000.0,1201744000.0,13.24125175960164,13.042829773704758,-0.024303534966301697,0.015213108607528902,-0.39458320574098976,318.9262383642859,318.5619953448092,315.1719642465814,0.010756131518016361
109,2020-09-17,12.096849903540244,792512000,556384000.0,727556000.0,12.919442534464558,13.24125175960164,-0.0636709075279312,-0.024303534966301697,-0.23526986238859965,311.5019705873484,318.9262383642859,318.5619953448092,0.0011433975954427615
110,2020-09-18,12.557003402123641,698460000,792512000.0,556384000.0,12.096849903540244,12.919442534464558,0.038039117807746714,-0.0636709075279312,0.4243975383907517,314.4459629250625,311.5019705873484,318.9262383642859,-0.02327894943675751
111,2020-09-21,11.890205393675586,721044000,698460000.0,792512000.0,12.557003402123641,12.096849903540244,-0.053101682550733866,0.038039117807746714,-0.11867580553985302,305.37922382926496,314.4459629250625,311.5019705873484,0.00945095895272527
112,2020-09-22,12.538306233531788,646452000,721044000.0,698460000.0,11.890205393675586,12.557003402123641,0.054507118960361055,-0.053101682550733866,0.03233399192509235,308.0702153827949,305.37922382926496,314.4459629250625,-0.028834013359421838
113,2020-09-23,12.538804800522588,647012000,646452000.0,721044000.0,12.538306233531788,11.890205393675586,3.976350405816299e-05,0.054507118960361055,-0.10344999750361974,310.2548240451303,308.0702153827949,305.37922382926496,0.008811966707448528
114,2020-09-24,12.037023285185366,731240000,647012000.0,646452000.0,12.538804800522588,12.538306233531788,-0.04001828908894954,3.976350405816299e-05,0.0008662669463471379,301.1787505238137,310.2548240451303,308.0702153827949,0.007091268656468108
115,2020-09-25,12.411178781347672,588016000,731240000.0,647012000.0,12.037023285185366,12.538804800522588,0.031083722885441277,-0.04001828908894954,0.13017996575024884,302.4539565341137,301.1787505238137,310.2548240451303,-0.02925360967150153
116,2020-09-28,13.002200066684653,573808000,588016000.0,731240000.0,12.411178781347672,12.037023285185366,0.04762007668644702,0.031083722885441277,-0.19586455883157378,312.4300567444478,302.4539565341137,301.1787505238137,0.004234050403895171
117,2020-09-29,12.899749699023753,621460000,573808000.0,588016000.0,13.002200066684653,12.411178781347672,-0.00787946402420058,0.04762007668644702,-0.02416260782019537,313.133297889591,312.4300567444478,302.4539565341137,0.03298386413804096
118,2020-09-30,13.11910564058006,689184000,621460000.0,573808000.0,12.899749699023753,13.002200066684653,0.017004666499297088,-0.00787946402420058,0.08304519978808242,312.30819717481097,313.133297889591,312.4300567444478,0.0022508754518404013
119,2020-10-01,13.717856355284482,525004000,689184000.0,621460000.0,13.11910564058006,12.899749699023753,0.045639598544916435,0.017004666499297088,0.10897563801370966,316.62121997881246,312.30819717481097,313.133297889591,-0.002634982355249108
120,2020-10-02,13.186410942210593,552496000,525004000.0,689184000.0,13.717856355284482,13.11910564058006,-0.0387411414225199,0.045639598544916435,-0.23822375446905325,311.00485404504894,316.62121997881246,312.30819717481097,0.013810149214838974
121,2020-10-05,13.197378863443367,479820000,552496000.0,525004000.0,13.186410942210593,13.717856355284482,0.000831759398432321,-0.0387411414225199,0.05236531531188334,315.09287749918235,311.00485404504894,316.62121997881246,-0.01773843816955589
122,2020-10-06,13.789643199811294,784420000,479820000.0,552496000.0,13.197378863443367,13.186410942210593,0.04487742168321733,0.000831759398432321,-0.13154122382786482,318.70275145353384,315.09287749918235,311.00485404504894,0.013144564790430111
123,2020-10-07,13.958900085638684,418084000,784420000.0,479820000.0,13.789643199811294,13.197378863443367,0.012274203427519087,0.04487742168321733,0.6348213913550915,317.02436271676055,318.70275145353384,315.09287749918235,0.011456539363892326
124,2020-10-08,14.03393288092139,378900000,418084000.0,784420000.0,13.958900085638684,13.789643199811294,0.005375265588432828,0.012274203427519087,-0.46701511945131435,321.45926824445695,317.02436271676055,318.70275145353384,-0.005266313921415866
125,2020-10-09,13.726830477949628,346892000,378900000.0,418084000.0,14.03393288092139,13.958900085638684,-0.021882846781265116,0.005375265588432828,-0.09372279254886577,324.00016266156786,321.45926824445695,317.02436271676055,0.013989163134628502
126,2020-10-12,13.948680493281143,434744000,346892000.0,378900000.0,13.726830477949628,14.03393288092139,0.0161617800764633,-0.021882846781265116,-0.0844761150699393,327.7787525033293,324.00016266156786,321.45926824445695,0.007904249987835649
127,2020-10-13,14.254783983347785,344604000,434744000.0,346892000.0,13.948680493281143,13.726830477949628,0.021944978251820083,0.0161617800764633,0.2532546152693057,330.3009184531936,327.7787525033293,324.00016266156786,0.011662308471457031
128,2020-10-14,14.248800848206926,276100000,344604000.0,434744000.0,14.254783983347785,13.948680493281143,-0.00041972822231809505,0.021944978251820083,-0.20734041182857038,328.86638503127364,330.3009184531936,327.7787525033293,0.007694720693766396
129,2020-10-15,13.770453666408956,267224000,276100000.0,344604000.0,14.248800848206926,14.254783983347785,-0.03357104832145683,-0.00041972822231809505,-0.19879049575744914,322.2656064339518,328.86638503127364,330.3009184531936,-0.004343110605438009
130,2020-10-16,13.995794154637982,242392000,267224000.0,276100000.0,13.770453666408956,14.248800848206926,0.016364056964855992,-0.03357104832145683,-0.03214777254617892,327.1880751646604,322.2656064339518,328.86638503127364,-0.020071308281307414
131,2020-10-19,13.862431583223284,298068000,242392000.0,267224000.0,13.995794154637982,13.770453666408956,-0.009528760564866155,0.016364056964855992,-0.09292578510912193,326.8973702216107,327.1880751646604,322.2656064339518,0.01527457051709134
132,2020-10-20,13.543865864306463,229212000,298068000.0,242392000.0,13.862431583223284,13.995794154637982,-0.022980507929240796,-0.009528760564866155,0.22969404930855805,322.0311728863943,326.8973702216107,327.1880751646604,-0.0008884949211655046
133,2020-10-21,13.58524444270825,219596000,229212000.0,298068000.0,13.543865864306463,13.862431583223284,0.0030551527028066655,-0.022980507929240796,-0.2310076895205121,321.90934437005393,322.0311728863943,326.8973702216107,-0.014886009428333685
134,2020-10-22,13.483044519972317,290480000,219596000.0,229212000.0,13.58524444270825,13.543865864306463,-0.007522862261840827,0.0030551527028066655,-0.04195242831963422,321.56244759199205,321.90934437005393,322.0311728863943,-0.00037831280508781847
135,2020-10-23,13.410754310920243,233484000,290480000.0,219596000.0,13.483044519972317,13.58524444270825,-0.005361564218303307,-0.007522862261840827,0.32279276489553543,324.3471175795605,321.56244759199205,321.90934437005393,-0.0010776225795517667
136,2020-10-26,13.387820907265835,336896000,233484000.0,290480000.0,13.410754310920243,13.483044519972317,-0.0017100755947585535,-0.005361564218303307,-0.19621316441751582,320.78412703620586,324.3471175795605,321.56244759199205,0.008659810896519033
137,2020-10-27,13.267174399254001,250520000,336896000.0,233484000.0,13.387820907265835,13.410754310920243,-0.009011661333649671,-0.0017100755947585535,0.4429082935019102,318.56205949148404,320.78412703620586,324.3471175795605,-0.010985115483508735
138,2020-10-28,13.159490579429658,376520000,250520000.0,336896000.0,13.267174399254001,13.387820907265835,-0.008116560209715658,-0.009011661333649671,-0.2563877279635258,311.3799841606688,318.56205949148404,320.78412703620586,-0.006926987208662686
139,2020-10-29,12.801040209495238,320080000,376520000.0,250520000.0,13.159490579429658,13.267174399254001,-0.027238924468302318,-0.008116560209715658,0.5029538559795625,306.5137455675911,311.3799841606688,318.56205949148404,-0.02254529413289161
140,2020-10-30,12.812506859163562,416820000,320080000.0,376520000.0,12.801040209495238,13.159490579429658,0.0008957592102413243,-0.027238924468302318,-0.14989907574630829,307.79833140359307,306.5137455675911,311.3799841606688,-0.015627974952194642
141,2020-11-02,12.620817583408344,299652000,416820000.0,320080000.0,12.812506859163562,12.801040209495238,-0.01496110619586681,0.0008957592102413243,0.3022369407648088,309.5985107421875,307.79833140359307,306.5137455675911,0.004190956701218088
142,2020-11-03,12.671416828110821,272900000,299652000.0,416820000.0,12.620817583408344,12.812506859163562,0.00400918913280199,-0.01496110619586681,-0.28109975529005327,312.8707566244415,309.5985107421875,307.79833140359307,0.005848567568204232
143,2020-11-04,13.350183564962006,410228000,272900000.0,299652000.0,12.671416828110821,12.620817583408344,0.05356675942862036,0.00400918913280199,-0.08927689453098928,319.5934176061396,312.8707566244415,309.5985107421875,0.010569320486747849
144,2020-11-05,14.121175145319006,319028000,410228000.0,272900000.0,13.350183564962006,12.671416828110821,0.057751384211711734,0.05356675942862036,0.5032172957127152,327.45051368549264,319.5934176061396,312.8707566244415,0.021487022482474184
145,2020-11-06,14.06857939605643,383348000,319028000.0,410228000.0,14.121175145319006,13.350183564962006,-0.003724601438713162,0.057751384211711734,-0.22231539534112738,328.09748051796964,327.45051368549264,319.5934176061396,0.024584661781225894
146,2020-11-09,14.510036203044763,582976000,383348000.0,319028000.0,14.06857939605643,14.121175145319006,0.03137891855037458,-0.003724601438713162,0.20161239765788583,341.26156418749326,328.09748051796964,327.45051368549264,0.001975769789441832
147,2020-11-10,13.566797879335905,644068000,582976000.0,383348000.0,14.510036203044763,14.06857939605643,-0.0650059248998242,0.03137891855037458,0.520748771351357,331.43543917250804,341.26156418749326,328.09748051796964,0.040122477163620385
148,2020-11-11,13.015659804138831,404744000,644068000.0,582976000.0,13.566797879335905,14.510036203044763,-0.040624035243904705,-0.0650059248998242,0.10479333626084093,334.16384995628147,331.43543917250804,341.26156418749326,-0.028793529791086084
149,2020-11-12,13.43966857958413,365812000,404744000.0,644068000.0,13.015659804138831,13.566797879335905,0.032576817604780046,-0.040624035243904705,-0.37158188265835285,333.3949802115646,334.16384995628147,331.43543917250804,0.008232103333866246
150,2020-11-13,13.58748777408256,346312000,365812000.0,404744000.0,13.43966857958413,13.015659804138831,0.010998723191952699,0.032576817604780046,-0.0961891961338525,333.10439309411134,333.3949802115646,334.16384995628147,-0.002300876485644607
151,2020-11-16,13.134065292013785,413776000,346312000.0,365812000.0,13.58748777408256,13.43966857958413,-0.033370589884441644,0.010998723191952699,-0.05330606978447946,338.45817941457216,333.10439309411134,333.3949802115646,-0.0008716001580732932
152,2020-11-17,13.512955173882425,312028000,413776000.0,346312000.0,13.134065292013785,13.58748777408256,0.02884787561540636,-0.033370589884441644,0.19480699484857586,337.5111347843208,338.45817941457216,333.10439309411134,0.016072397817185852
153,2020-11-18,13.425958939432709,510924000,312028000.0,413776000.0,13.512955173882425,13.134065292013785,-0.006437987348456564,0.02884787561540636,-0.24590116391477515,338.3925266064036,337.5111347843208,338.45817941457216,-0.0027981141773245045
154,2020-11-19,13.174196318972344,565936000,510924000.0,312028000.0,13.425958939432709,13.512955173882425,-0.018751928379650097,-0.006437987348456564,0.6374299742330817,333.41384348004834,338.3925266064036,337.5111347843208,0.002611445168012043
155,2020-11-20,13.414743832829755,341088000,565936000.0,510924000.0,13.174196318972344,13.425958939432709,0.01825898962132478,-0.018751928379650097,0.10767159107812513,335.1951768517466,333.41384348004834,338.3925266064036,-0.014712745509732015
156,2020-11-23,13.132818591923678,361356000,341088000.0,565936000.0,13.414743832829755,13.174196318972344,-0.02101607339054243,0.01825898962132478,-0.3973028752367759,334.98895208611134,335.1951768517466,333.41384348004834,0.005342709688072316
157,2020-11-24,13.10415243884235,346500000,361356000.0,341088000.0,13.132818591923678,13.414743832829755,-0.0021827875623712076,-0.02101607339054243,0.05942161553616662,337.7361675656887,334.98895208611134,335.1951768517466,-0.0006152378670009768
158,2020-11-25,12.994475146742712,259916000,346500000.0,361356000.0,13.10415243884235,13.132818591923678,-0.008369659358856437,-0.0021827875623712076,-0.04111181217414406,340.47400262405495,337.7361675656887,334.98895208611134,0.008200913679299917
159,2020-11-27,13.335970825565383,167276000,259916000.0,346500000.0,12.994475146742712,13.10415243884235,0.026280067102846614,-0.008369659358856437,-0.24988167388167387,341.13972421837536,340.47400262405495,337.7361675656887,0.008106431354686855
160,2020-11-30,13.226293231602993,286952000,167276000.0,259916000.0,13.335970825565383,12.994475146742712,-0.0082241927038514,0.026280067102846614,-0.3564228443035442,340.19262115223233,341.13972421837536,340.47400262405495,0.0019552787854275437
161,2020-12-01,13.452881000808961,296948000,286952000.0,167276000.0,13.226293231602993,13.335970825565383,0.01713161542982869,-0.0082241927038514,0.7154403500801071,342.76174788004687,340.19262115223233,341.13972421837536,-0.0027762907656475547
162,2020-12-02,13.311546838793303,283360000,296948000.0,286952000.0,13.452881000808961,13.226293231602993,-0.010505865770102289,0.01713161542982869,0.03483509437118403,342.05851827775217,342.76174788004687,340.19262115223233,0.007551976639331279
163,2020-12-03,13.551853374719798,199520000,283360000.0,296948000.0,13.311546838793303,13.452881000808961,0.01805248772638346,-0.010505865770102289,-0.045758853401942426,343.80247388417666,342.05851827775217,342.76174788004687,-0.0020516571835804756
164,2020-12-04,13.4132212504212,202244000,199520000.0,283360000.0,13.551853374719798,13.311546838793303,-0.010229753854716857,0.01805248772638346,-0.29587803500846976,344.4025997515472,343.80247388417666,342.05851827775217,0.0050984130294583025
165,2020-12-07,13.565570953340865,223244000,202244000.0,199520000.0,13.4132212504212,13.551853374719798,0.011358174153347445,-0.010229753854716857,0.013652766639935846,345.99646377406117,344.4025997515472,343.80247388417666,0.0017455542439543715
166,2020-12-08,13.549364680233316,271920000,223244000.0,202244000.0,13.565570953340865,13.4132212504212,-0.0011946620723367492,0.011358174153347445,0.10383497161844109,344.77755372835463,345.99646377406117,344.4025997515472,0.0046279093818217005
167,2020-12-09,13.265609689866503,401300000,271920000.0,223244000.0,13.549364680233316,13.565570953340865,-0.02094230962583601,-0.0011946620723367492,0.21803945458780527,347.7404159952117,344.77755372835463,345.99646377406117,-0.003522897408866282
168,2020-12-10,12.835239435483578,207764000,401300000.0,271920000.0,13.265609689866503,13.549364680233316,-0.03244255367408268,-0.02094230962583601,0.47580170638423064,342.57417168732303,347.7404159952117,344.77755372835463,0.008593547447672548
169,2020-12-11,12.933232817765063,209264000,207764000.0,401300000.0,12.835239435483578,13.265609689866503,0.00763471400545738,-0.03244255367408268,-0.4822726140044854,342.1334897073172,342.57417168732303,347.7404159952117,-0.014856611628254988
170,2020-12-14,13.053667269076458,270156000,209264000.0,207764000.0,12.933232817765063,12.835239435483578,0.009312014483027502,0.00763471400545738,0.007219730078358137,345.6402333479228,342.1334897073172,342.57417168732303,-0.0012863841364200768
171,2020-12-15,13.404494298023911,193016000,270156000.0,209264000.0,13.053667269076458,12.933232817765063,0.026875744701915786,0.009312014483027502,0.2909817264316844,344.47754826352815,345.6402333479228,342.1334897073172,0.01024963573021007
172,2020-12-16,13.387289897303875,223116000,193016000.0,270156000.0,13.404494298023911,13.053667269076458,-0.0012834800282299744,0.026875744701915786,-0.28553872577325695,346.74653818604304,344.47754826352815,345.6402333479228,-0.003363859216077647
173,2020-12-17,13.331683975809367,231384000,223116000.0,193016000.0,13.387289897303875,13.404494298023911,-0.004153635419944554,-0.0012834800282299744,0.15594562108840718,348.7342927111033,346.74653818604304,344.47754826352815,0.00658675705848642
174,2020-12-18,13.343903235536635,342064000,231384000.0,223116000.0,13.331683975809367,13.387289897303875,0.0009165578594151604,-0.004153635419944554,0.037056956919270696,349.30749164191985,348.7342927111033,346.74653818604304,0.00573258650384495
175,2020-12-21,13.040450404506608,302332000,342064000.0,231384000.0,13.343903235536635,13.331683975809367,-0.02274093461813263,0.0009165578594151604,0.47833903813573975,343.6578635865335,349.30749164191985,348.7342927111033,0.0016436551919239897
176,2020-12-22,13.284310552386875,185580000,302332000.0,342064000.0,13.040450404506608,13.343903235536635,0.018700285673874648,-0.02274093461813263,-0.11615370223116142,346.7087386117754,343.6578635865335,349.30749164191985,-0.016173795840536607
177,2020-12-23,13.221224057653092,179144000,185580000.0,302332000.0,13.284310552386875,13.040450404506608,-0.004748947601382887,0.018700285673874648,-0.3861714935898284,346.77451949870044,346.7087386117754,343.6578635865335,0.008877652306284834
178,2020-12-24,13.003048268354469,97884000,179144000.0,185580000.0,13.221224057653092,13.284310552386875,-0.016501935701810643,-0.004748947601382887,-0.034680461256600924,346.5862856154913,346.77451949870044,346.7087386117754,0.00018972953259969002
179,2020-12-28,13.028231606837771,212564000,97884000.0,179144000.0,13.003048268354469,13.221224057653092,0.0019367257556515208,-0.016501935701810643,-0.4536015719197964,350.03255711908645,346.5862856154913,346.77451949870044,-0.0005428134785717489
180,2020-12-29,12.891094397483993,170372000,212564000.0,97884000.0,13.028231606837771,13.003048268354469,-0.01052615684862422,0.0019367257556515208,1.1715908626537535,351.9816083870264,350.03255711908645,346.5862856154913,0.009943473376261903
181,2020-12-30,12.956171747816942,225396000,170372000.0,212564000.0,12.891094397483993,13.028231606837771,0.005048240927135739,-0.01052615684862422,-0.19849080747445474,350.59751212432394,351.9816083870264,350.03255711908645,0.00556819995254579
182,2020-12-31,13.102038200138118,192424000,225396000.0,170372000.0,12.956171747816942,12.891094397483993,0.011258453126461045,0.005048240927135739,0.32296386730213883,350.070199000767,350.59751212432394,351.9816083870264,-0.003932297113605385
183,2021-01-04,13.069873279195663,560640000,192424000.0,225396000.0,13.102038200138118,12.956171747816942,-0.002454955515403361,0.011258453126461045,-0.14628476104278693,353.3940503814856,350.070199000767,350.59751212432394,-0.001504041259054806
184,2021-01-05,13.065384842831413,322760000,560640000.0,192424000.0,13.069873279195663,13.102038200138118,-0.00034341850669619624,-0.002454955515403361,1.9135658753585831,346.605146150736,353.3940503814856,350.070199000767,0.009494813869350072
185,2021-01-06,13.187815339219433,580424000,322760000.0,560640000.0,13.065384842831413,13.069873279195663,0.00937060009029845,-0.00034341850669619624,-0.424300799086758,348.121053774637,346.605146150736,353.3940503814856,-0.019210578739005505
186,2021-01-07,12.933481843487463,461480000,580424000.0,322760000.0,13.187815339219433,13.065384842831413,-0.019285491128739424,0.00937060009029845,0.7983145371173628,354.13789057065947,348.121053774637,346.605146150736,0.004373586603476867
187,2021-01-08,13.327444180295736,292528000,461480000.0,580424000.0,12.933481843487463,13.187815339219433,0.030460655651412864,-0.019285491128739424,-0.20492605405703418,358.36575452524005,354.13789057065947,348.121053774637,0.017283748658067595
188,2021-01-11,13.383548460055362,518344000,292528000.0,461480000.0,13.327444180295736,12.933481843487463,0.004209680340854487,0.030460655651412864,-0.3661090404784606,355.78574527676943,358.36575452524005,354.13789057065947,0.011938468227073316
189,2021-01-12,13.71642352162883,291476000,518344000.0,292528000.0,13.383548460055362,13.327444180295736,0.02487195847700399,0.004209680340854487,0.7719466170759722,356.76499435991997,355.78574527676943,358.36575452524005,-0.007199374426522957
190,2021-01-13,13.45461162783204,210028000,291476000.0,518344000.0,13.71642352162883,13.383548460055362,-0.01908747519963564,0.02487195847700399,-0.43767845291929686,356.57665476993486,356.76499435991997,355.78574527676943,0.0027523561473458322
191,2021-01-14,13.539389802082038,283120000,210028000.0,291476000.0,13.45461162783204,13.71642352162883,0.006301049528224694,-0.01908747519963564,-0.27943295502888743,358.3656402177595,356.57665476993486,356.76499435991997,-0.000527909388428115
192,2021-01-15,13.193295737314196,277780000,283120000.0,210028000.0,13.539389802082038,13.45461162783204,-0.02556201349004817,0.006301049528224694,0.34801074142495286,354.72171902339625,358.3656402177595,356.57665476993486,0.0050171132178546745
193,2021-01-19,12.982105024391291,226188000,277780000.0,283120000.0,13.193295737314196,13.539389802082038,-0.016007426584519036,-0.02556201349004817,-0.018861260243006498,356.2471059893938,354.72171902339625,358.3656402177595,-0.010168165653797178
194,2021-01-20,13.077354122549842,258572000,226188000.0,277780000.0,12.982105024391291,13.193295737314196,0.007336953289130905,-0.016007426584519036,-0.1857297141622867,358.85533105421615,356.2471059893938,354.72171902339625,0.004300235604961453
195,2021-01-21,13.383297111163406,337780000,258572000.0,226188000.0,13.077354122549842,12.982105024391291,0.02339486915675195,0.007336953289130905,0.1431729357879286,362.03807483535127,358.85533105421615,356.2471059893938,0.007321392990909
196,2021-01-22,13.703955989146737,246820000,337780000.0,258572000.0,13.383297111163406,13.077354122549842,0.023959632317798525,0.02339486915675195,0.3063286047986634,359.92881743908043,362.03807483535127,358.85533105421615,0.008869155633790109
197,2021-01-25,13.745595479607013,251112000,246820000.0,337780000.0,13.703955989146737,13.383297111163406,0.003038501473096854,0.023959632317798525,-0.26928770205459174,361.2658903675394,359.92881743908043,362.03807483535127,-0.005826065109947589
198,2021-01-26,13.544873671973665,163980000,251112000.0,246820000.0,13.745595479607013,13.703955989146737,-0.014602627287492894,0.003038501473096854,0.017389190503200713,362.9043030830211,361.2658903675394,359.92881743908043,0.0037148259980190586
199,2021-01-27,13.195294491634082,371272000,163980000.0,251112000.0,13.544873671973665,13.745595479607013,-0.02580896572427355,-0.014602627287492894,-0.34698461244384976,358.017358255943,362.9043030830211,361.2658903675394,0.0045351990297640395
200,2021-01-28,12.96215686988838,228316000,371272000.0,163980000.0,13.195294491634082,13.544873671973665,-0.017668239378326293,-0.02580896572427355,1.2641297719234053,354.3827250744922,358.017358255943,362.9043030830211,-0.013466207993571526
201,2021-01-29,13.04070043799861,271552000,228316000.0,371272000.0,12.96215686988838,13.195294491634082,0.006059452057140953,-0.017668239378326293,-0.3850438492533776,353.695378246898,354.3827250744922,358.017358255943,-0.010152114409079663
202,2021-02-01,13.019008103662717,217204000,271552000.0,228316000.0,13.04070043799861,12.96215686988838,-0.0016634332211699287,0.006059452057140953,0.1893691199915906,351.8968451778579,353.695378246898,354.3827250744922,-0.0019395607600504732
203,2021-02-02,13.36360131815735,220440000,217204000.0,271552000.0,13.019008103662717,13.04070043799861,0.026468469160694875,-0.0016634332211699287,-0.2001384633514023,357.48063855333345,351.8968451778579,353.695378246898,-0.005084977581427645
204,2021-02-03,13.600227155952226,245408000,220440000.0,217204000.0,13.36360131815735,13.019008103662717,0.017706741780254085,0.026468469160694875,0.014898436492882267,360.10775960414,357.48063855333345,351.8968451778579,0.015867699446561752
205,2021-02-04,13.49550393934747,201340000,245408000.0,220440000.0,13.600227155952226,13.36360131815735,-0.007700107902897974,0.017706741780254085,0.11326438033024859,360.59736620486206,360.10775960414,357.48063855333345,0.007348988357629982
206,2021-02-05,13.68899670751416,169152000,201340000.0,245408000.0,13.49550393934747,13.600227155952226,0.014337572649105977,-0.007700107902897974,-0.17957034815490938,365.531413745119,360.59736620486206,360.10775960414,0.0013596113598336307
207,2021-02-08,13.691236770235845,434624000,169152000.0,201340000.0,13.68899670751416,13.49550393934747,0.00016363965669264103,0.014337572649105977,-0.15986887851395648,366.5388712275353,365.531413745119,360.59736620486206,0.013682982746617741
208,2021-02-09,14.30313093895207,287560000,434624000.0,169152000.0,13.691236770235845,13.68899670751416,0.04469239550706302,0.00016363965669264103,1.569428679530836,366.85893700362055,366.5388712275353,365.531413745119,0.00275614473758695
209,2021-02-10,14.425307273903554,485352000,287560000.0,434624000.0,14.30313093895207,13.691236770235845,0.008541929419016854,0.04469239550706302,-0.33837063760859964,369.2224585686974,366.85893700362055,366.5388712275353,0.0008732110049156488
210,2021-02-11,14.940952373280984,450828000,485352000.0,287560000.0,14.425307273903554,14.30313093895207,0.03574586589987376,0.008541929419016854,0.6878286270691334,368.393886407813,369.2224585686974,366.85893700362055,0.0064425895805654354
211,2021-02-12,15.01051986233055,374756000,450828000.0,485352000.0,14.940952373280984,14.425307273903554,0.004656161622867789,0.03574586589987376,-0.0711318795430945,367.08497876675017,368.393886407813,369.2224585686974,-0.0022441001126973096
212,2021-02-16,15.0247341655274,321960000,374756000.0,450828000.0,15.01051986233055,14.940952373280984,0.0009469560899433678,0.004656161622867789,-0.16873841021409494,370.95497565752555,367.08497876675017,368.393886407813,-0.0035530112994705525
213,2021-02-17,15.13119986482596,274756000,321960000.0,374756000.0,15.0247341655274,15.01051986233055,0.007086028819254204,0.0009469560899433678,-0.1408809999039375,367.62178086963996,370.95497565752555,367.08497876675017,0.01054250954037109
214,2021-02-18,14.690361096291939,233868000,274756000.0,321960000.0,15.13119986482596,15.0247341655274,-0.029134422416744157,0.007086028819254204,-0.14661448627158652,366.8401862110797,367.62178086963996,370.95497565752555,-0.00898544299608714
215,2021-02-19,14.98508589567165,271724000,233868000.0,274756000.0,14.690361096291939,15.13119986482596,0.020062461191243566,-0.029134422416744157,-0.1488156764547453,369.1754005191411,366.8401862110797,367.62178086963996,-0.002126083652365044
216,2021-02-22,14.735987998402958,325884000,271724000.0,233868000.0,14.98508589567165,14.690361096291939,-0.016623054349033963,0.020062461191243566,0.16186908854567533,364.4579040043156,369.1754005191411,366.8401862110797,0.006365753796443937
217,2021-02-23,14.038324945664725,391780000,325884000.0,271724000.0,14.735987998402958,14.98508589567165,-0.047344165373495437,-0.016623054349033963,0.199319898131928,362.19812664477337,364.4579040043156,369.1754005191411,-0.012778469280974994
218,2021-02-24,14.085704695466259,448320000,391780000.0,325884000.0,14.038324945664725,14.735987998402958,0.003375028714958312,-0.047344165373495437,0.20220692025383266,363.77051550359107,362.19812664477337,364.4579040043156,-0.0062003796178212904
219,2021-02-25,14.00865457563382,824436000,448320000.0,391780000.0,14.085704695466259,14.038324945664725,-0.005470093367585572,0.003375028714958312,0.1443156873755679,367.61227939173733,363.77051550359107,362.19812664477337,0.00434123962314092
220,2021-02-26,13.716422533300882,500932000,824436000.0,448320000.0,14.00865457563382,14.085704695466259,-0.020860821483972912,-0.005470093367585572,0.8389453961456103,361.9061349456789,367.61227939173733,363.77051550359107,0.010560954570020218
221,2021-03-01,13.838601625850457,353184000,500932000.0,824436000.0,13.716422533300882,14.00865457563382,0.008907504289325187,-0.020860821483972912,-0.39239431562910887,363.0738122353655,361.9061349456789,367.61227939173733,-0.015522181292474763
222,2021-03-02,13.863535716206119,264116000,353184000.0,500932000.0,13.838601625850457,13.716422533300882,0.0018017781730984821,0.008907504289325187,-0.29494622024546246,367.05675792641773,363.0738122353655,361.9061349456789,0.0032264644805257564
223,2021-03-03,13.391029778690879,377592000,264116000.0,353184000.0,13.863535716206119,13.838601625850457,-0.034082642926572704,0.0018017781730984821,-0.2521858294826493,363.26212122933833,367.05675792641773,363.0738122353655,0.010970071530442027
224,2021-03-04,12.767168792156996,573344000,377592000.0,264116000.0,13.391029778690879,13.863535716206119,-0.04658797694010296,-0.034082642926572704,0.4296445501219161,358.95895918844116,363.26212122933833,367.05675792641773,-0.010338010716697094
225,2021-03-05,12.517077981864157,542840000,573344000.0,377592000.0,12.767168792156996,13.391029778690879,-0.019588588070244092,-0.04658797694010296,0.5184220004661115,358.24324711355547,358.95895918844116,363.26212122933833,-0.011845887003947933
226,2021-03-08,12.417340640984973,543112000,542840000.0,573344000.0,12.517077981864157,12.767168792156996,-0.007968100943662088,-0.019588588070244092,-0.05320366132723112,362.1980717428166,358.24324711355547,358.95895918844116,-0.001993854886652829
227,2021-03-09,12.102604861227075,521824000,543112000.0,542840000.0,12.417340640984973,12.517077981864157,-0.02534647223247412,-0.007968100943662088,0.0005010684547933093,363.31862732166235,362.1980717428166,358.24324711355547,0.011039495262300133
228,2021-03-10,12.811235825103035,384376000,521824000.0,543112000.0,12.102604861227075,12.417340640984973,0.05855193753752878,-0.02534647223247412,-0.03919633519421409,366.93440213741064,363.31862732166235,362.1980717428166,0.003093764617392641
229,2021-03-11,12.920485455152443,299916000,384376000.0,521824000.0,12.811235825103035,12.102604861227075,0.00852764179356832,0.05855193753752878,-0.26339915373765865,369.32606429854746,366.93440213741064,363.31862732166235,0.009952076617715192
230,2021-03-12,12.61942336785706,243964000,299916000.0,384376000.0,12.920485455152443,12.811235825103035,-0.02330114362501182,0.00852764179356832,-0.21973276167086395,369.1753471861882,369.32606429854746,366.93440213741064,0.0065179556542130515
231,2021-03-15,12.835429461665072,221988000,243964000.0,299916000.0,12.61942336785706,12.920485455152443,0.017116954357692872,-0.02330114362501182,-0.18655890315955134,371.3033459974568,369.1753471861882,369.32606429854746,-0.0004080868558397015
232,2021-03-16,13.326058448869464,272128000,221988000.0,243964000.0,12.835429461665072,12.61942336785706,0.03822458677130585,0.017116954357692872,-0.09007886409470249,373.8834038187458,371.3033459974568,369.1753471861882,0.00576419532747228
233,2021-03-17,13.01003218142403,243864000,272128000.0,221988000.0,13.326058448869464,12.835429461665072,-0.02371490930029984,0.03822458677130585,0.22586806494044723,371.4916621852993,373.8834038187458,371.3033459974568,0.006948652224929557
234,2021-03-18,13.10656229172517,293896000,243864000.0,272128000.0,13.01003218142403,13.326058448869464,0.007419667296362859,-0.02371490930029984,-0.1038628880526811,371.44469063169737,371.4916621852993,373.8834038187458,-0.006397025406899394
235,2021-03-19,12.720942322961571,299208000,293896000.0,243864000.0,13.10656229172517,13.01003218142403,-0.02942190028021768,0.007419667296362859,0.20516353377292262,368.3156447927361,371.44469063169737,371.4916621852993,-0.0001264403979502434
236,2021-03-22,12.883322313284456,297804000,299208000.0,293896000.0,12.720942322961571,13.10656229172517,0.012764776869539397,-0.02942190028021768,0.018074420883577864,368.45735937205956,368.3156447927361,371.44469063169737,-0.008423988598786633
237,2021-03-23,13.22404433068043,222048000,297804000.0,299208000.0,12.883322313284456,12.720942322961571,0.02644675100960901,0.012764776869539397,-0.0046923879040667365,370.2334015483971,368.45735937205956,368.3156447927361,0.00038476394181730095
238,2021-03-24,13.121277230506307,245840000,222048000.0,297804000.0,13.22404433068043,12.883322313284456,-0.007771230767557136,0.02644675100960901,-0.25438207680219205,369.3736817381601,370.2334015483971,368.45735937205956,0.004820210890520342
239,2021-03-25,12.47101443199076,295144000,245840000.0,222048000.0,13.121277230506307,13.22404433068043,-0.049557888846652715,-0.007771230767557136,0.10714800403516357,364.6313524159487,369.3736817381601,370.2334015483971,-0.002322102237781632
240,2021-03-26,12.525887935677616,363968000,295144000.0,245840000.0,12.47101443199076,13.121277230506307,0.004400083408298718,-0.049557888846652715,0.20055320533680443,369.30757679748655,364.6313524159487,369.3736817381601,-0.01283883924781926
241,2021-03-29,12.791031730488832,273520000,363968000.0,295144000.0,12.525887935677616,12.47101443199076,0.0211676646137001,0.004400083408298718,0.23318786761716315,372.5856058490414,369.30757679748655,364.6313524159487,0.01282452633476099
242,2021-03-30,12.81273373778391,200204000,273520000.0,363968000.0,12.791031730488832,12.525887935677616,0.001696658076717036,0.0211676646137001,-0.24850536310884475,372.6045178890649,372.5856058490414,369.30757679748655,0.00887614892708352
243,2021-03-31,12.985837164442769,314776000,200204000.0,273520000.0,12.81273373778391,12.791031730488832,0.013510264881911037,0.001696658076717036,-0.2680462123427903,373.47364088825344,372.6045178890649,372.5856058490414,5.075891211742308e-05
244,2021-04-01,13.541318275109122,308276000,314776000.0,200204000.0,12.985837164442769,12.81273373778391,0.0427759183818619,0.013510264881911037,0.5722762781962398,376.3643921538695,373.47364088825344,372.6045178890649,0.002332561623547799
245,2021-04-05,13.83589532176299,255672000,308276000.0,314776000.0,13.541318275109122,12.985837164442769,0.021753941578593818,0.0427759183818619,-0.020649604798332784,381.1445604624797,376.3643921538695,373.47364088825344,0.007740174805217412
246,2021-04-06,13.967842675641931,191744000,255672000.0,308276000.0,13.83589532176299,13.541318275109122,0.009536596715313086,0.021753941578593818,-0.17063929725311086,383.3173351846648,381.1445604624797,376.3643921538695,0.01270090478340448
247,2021-04-07,13.84911434068528,251284000,191744000.0,255672000.0,13.967842675641931,13.83589532176299,-0.008500119718823737,0.009536596715313086,-0.25003911261303546,383.4873063902955,383.3173351846648,381.1445604624797,0.0057006578279606805
248,2021-04-08,14.220266862559335,244416000,251284000.0,191744000.0,13.84911434068528,13.967842675641931,0.026799729769267696,-0.008500119718823737,0.3105181909212283,385.3672581247743,383.4873063902955,383.3173351846648,0.0004434216510161685
249,2021-04-09,14.18160486312086,195172000,244416000.0,251284000.0,14.220266862559335,13.84911434068528,-0.0027187956324693173,0.026799729769267696,-0.027331624775154804,385.80189231464857,385.3672581247743,383.4873063902955,0.004902252833801741
250,2021-04-12,14.257182878772879,869324000,195172000.0,244416000.0,14.18160486312086,14.220266862559335,0.005329299214121983,-0.0027187956324693173,-0.20147617177271537,388.1257878585371,385.80189231464857,385.3672581247743,0.0011278441038017127
251,2021-04-13,15.196785577827692,676212000,869324000.0,195172000.0,14.257182878772879,14.18160486312086,0.06590381192723292,0.005329299214121983,3.4541430123173407,388.76817248286636,388.1257878585371,385.80189231464857,0.006023546255686095
252,2021-04-14,15.589390156598101,385500000,676212000.0,869324000.0,15.196785577827692,14.257182878772879,0.02583471200272938,0.06590381192723292,-0.22214042175299428,389.9962134110063,388.76817248286636,388.1257878585371,0.0016550939010613122
253,2021-04-15,15.62680486220305,598480000,385500000.0,676212000.0,15.589390156598101,15.196785577827692,0.0024000108554030407,0.02583471200272938,-0.42991251264396374,390.85597006538586,389.9962134110063,388.76817248286636,0.0031588000640511656
254,2021-04-16,16.016413918817005,335208000,598480000.0,385500000.0,15.62680486220305,15.589390156598101,0.02493209968701355,0.0024000108554030407,0.5524773022049286,394.1718182905944,390.85597006538586,389.9962134110063,0.0022045256461849095
255,2021-04-19,15.501090408405377,404420000,335208000.0,598480000.0,16.016413918817005,15.62680486220305,-0.03217471233096669,0.02493209968701355,-0.4399010827429488,393.23650926690135,394.1718182905944,390.85597006538586,0.00848355527140553
256,2021-04-20,15.288326982692308,334132000,404420000.0,335208000.0,15.501090408405377,16.016413918817005,-0.013725707037854532,-0.03217471233096669,0.20647478580463474,391.0165230941458,393.23650926690135,394.1718182905944,-0.002372846003423566
257,2021-04-21,15.084293105718238,216776000,334132000.0,404420000.0,15.288326982692308,15.501090408405377,-0.01334572953633534,-0.013725707037854532,-0.17379951535532367,388.74928495396665,391.0165230941458,393.23650926690135,-0.005645422336024241
258,2021-04-22,15.339957129369232,277788000,216776000.0,334132000.0,15.084293105718238,15.288326982692308,0.016949022526887583,-0.01334572953633534,-0.35122646139848923,392.8870559418587,388.74928495396665,391.0165230941458,-0.005798317989834011
259,2021-04-23,14.900212334199196,227500000,277788000.0,216776000.0,15.339957129369232,15.084293105718238,-0.028666624780073147,0.016949022526887583,0.28145182123482304,390.03405767287825,392.8870559418587,388.74928495396665,0.010643803469328628
260,2021-04-26,15.150393662064413,197796000,227500000.0,277788000.0,14.900212334199196,15.339957129369232,0.016790453870982575,-0.028666624780073147,-0.18103013809091825,394.351320730685,390.03405767287825,392.8870559418587,-0.007261624494451803
261,2021-04-27,15.54299623900215,164572000,197796000.0,227500000.0,15.150393662064413,14.900212334199196,0.025913688165132485,0.016790453870982575,-0.13056703296703295,394.81414507015336,394.351320730685,390.03405767287825,0.011068938655166519
262,2021-04-28,15.329484273830236,209416000,164572000.0,197796000.0,15.54299623900215,15.150393662064413,-0.01373686011942455,0.025913688165132485,-0.16797104087039172,394.7007722530231,394.81414507015336,394.351320730685,0.0011736345617171604
263,2021-04-29,15.364904578680314,173196000,209416000.0,164572000.0,15.329484273830236,15.54299623900215,0.0023105999012990744,-0.01373686011942455,0.272488637192232,397.07201406560114,394.7007722530231,394.81414507015336,-0.00028715490198587024
264,2021-04-30,15.139919969090263,201912000,173196000.0,209416000.0,15.364904578680314,15.329484273830236,-0.014642759962351447,0.0023105999012990744,-0.17295717614699926,394.53075788137056,397.07201406560114,394.7007722530231,0.006007694890087393
265,2021-05-03,15.09053250819864,203912000,201912000.0,173196000.0,15.139919969090263,15.364904578680314,-0.0032620688215296133,-0.014642759962351447,0.16580059585671725,396.23113305104664,394.53075788137056,397.07201406560114,-0.006399988148776282
266,2021-05-04,14.603888978030701,405324000,203912000.0,201912000.0,15.09053250819864,15.139919969090263,-0.03224826757462315,-0.0032620688215296133,0.009905305281508776,393.0570799366174,396.23113305104664,394.53075788137056,0.004309867192122333
267,2021-05-05,14.675476412223556,292024000,405324000.0,203912000.0,14.603888978030701,15.09053250819864,0.004901943194757734,-0.03224826757462315,0.9877398093295147,394.2945483619201,393.0570799366174,396.23113305104664,-0.008010610095144423
268,2021-05-06,14.462214770271128,193380000,292024000.0,405324000.0,14.675476412223556,14.603888978030701,-0.014531837738146444,0.004901943194757734,-0.2795294628494735,392.8303293787919,394.2945483619201,393.0570799366174,0.0031483173525387567
269,2021-05-07,14.774501379415508,229328000,193380000.0,292024000.0,14.462214770271128,14.675476412223556,0.02159327697071153,-0.014531837738146444,-0.3377941539051585,396.66576038385347,392.8303293787919,394.2945483619201,-0.003713515667947327
270,2021-05-10,14.753547376814467,268904000,229328000.0,193380000.0,14.774501379415508,14.462214770271128,-0.0014182544684881821,0.02159327697071153,0.18589306029579067,399.13139104631756,396.66576038385347,392.8303293787919,0.009763581674375322
271,2021-05-11,13.793493290883639,285584000,268904000.0,229328000.0,14.753547376814467,14.774501379415508,-0.06507276259807014,-0.0014182544684881821,0.17257378078559968,390.2513045552081,399.13139104631756,396.66576038385347,0.006215889821390439
272,2021-05-12,13.977570688888433,303408000,285584000.0,268904000.0,13.793493290883639,14.753547376814467,0.01334523417113298,-0.06507276259807014,0.06202957189182757,388.48479587753445,390.2513045552081,399.13139104631756,-0.022248529407397497
273,2021-05-13,14.001764619912,285404000,303408000.0,285584000.0,13.977570688888433,13.793493290883639,0.001730911011796997,0.01334523417113298,0.0624124600817973,384.5548647555335,388.48479587753445,390.2513045552081,-0.0045265926264795794
274,2021-05-14,13.858343697165184,258616000,285404000.0,303408000.0,14.001764619912,13.977570688888433,-0.010243060545587003,0.001730911011796997,-0.05933923957179771,390.3551581755434,384.5548647555335,388.48479587753445,-0.010116048719805768
275,2021-05-17,14.124733270941169,216980000,258616000.0,285404000.0,13.858343697165184,14.001764619912,0.01922232408123035,-0.010243060545587003,-0.09385993188602823,392.41475115107556,390.3551581755434,384.5548647555335,0.015083136248184546
276,2021-05-18,14.234485222964608,186256000,216980000.0,258616000.0,14.124733270941169,13.858343697165184,0.007770196429070397,0.01922232408123035,-0.16099545271754262,392.80200635908517,392.41475115107556,390.3551581755434,0.00527620279224273
277,2021-05-19,13.535582567163612,344000000,186256000.0,216980000.0,14.234485222964608,14.124733270941169,-0.049099257532225396,0.007770196429070397,-0.14159830399115125,384.41314200928207,392.80200635908517,392.41475115107556,0.0009868518114409936
278,2021-05-20,14.269903963838662,321592000,344000000.0,186256000.0,13.535582567163612,14.234485222964608,0.05425118520250932,-0.049099257532225396,0.8469203676660081,389.0232297703426,384.41314200928207,392.80200635908517,-0.02135647021653527
279,2021-05-21,15.12919040471807,672992000,321592000.0,344000000.0,14.269903963838662,13.535582567163612,0.060216694033605606,0.05425118520250932,-0.06513953488372093,393.81283792673344,389.0232297703426,384.41314200928207,0.011992534222332105
280,2021-05-24,15.17782946856189,554816000,672992000.0,321592000.0,15.12919040471807,14.269903963838662,0.003214915176733605,0.060216694033605606,1.0926888728575337,394.25682778545604,393.81283792673344,389.0232297703426,0.012311882144463085
281,2021-05-25,15.730070523282205,435408000,554816000.0,672992000.0,15.17782946856189,15.12919040471807,0.036384718636098844,0.003214915176733605,-0.17559792686985878,397.08145390118443,394.25682778545604,393.81283792673344,0.0011274133699145793
282,2021-05-26,15.69839110432169,370440000,435408000.0,554816000.0,15.730070523282205,15.17782946856189,-0.002013940046462333,0.036384718636098844,-0.2152209020648287,395.7021943153733,397.08145390118443,394.25682778545604,0.00716443170203124
283,2021-05-27,15.663970937880237,581476000,370440000.0,435408000.0,15.69839110432169,15.730070523282205,-0.002192591980459558,-0.002013940046462333,-0.14921177378458825,396.93030008843584,395.7021943153733,397.08145390118443,-0.0034734928369492433
284,2021-05-28,15.46567322053801,644536000,581476000.0,370440000.0,15.663970937880237,15.69839110432169,-0.012659479395654559,-0.002192591980459558,0.5696900982615268,397.6860802605823,396.93030008843584,395.7021943153733,0.003103611227598526
285,2021-06-01,16.232918599922378,472804000,644536000.0,581476000.0,15.46567322053801,15.663970937880237,0.049609568781363265,-0.012659479395654559,0.10844815607178972,399.19760265149745,397.6860802605823,396.93030008843584,0.001904062682990079
286,2021-06-02,16.21520538324961,594168000,472804000.0,644536000.0,16.232918599922378,15.46567322053801,-0.0010911911227628576,0.049609568781363265,-0.26644283639703603,397.1192165598777,399.19760265149745,397.6860802605823,0.0038007928010071203
287,2021-06-03,16.662689988589232,580008000,594168000.0,472804000.0,16.21520538324961,16.232918599922378,0.027596604221977673,-0.0010911911227628576,0.25668987572017155,394.73859815107204,397.1192165598777,399.19760265149745,-0.0052064092514958835
288,2021-06-04,17.073500620788053,617120000,580008000.0,594168000.0,16.662689988589232,16.21520538324961,0.02465452051740433,0.027596604221977673,-0.02383164357555439,397.47823970697925,394.73859815107204,397.1192165598777,-0.0059947197454412885
289,2021-06-07,17.53120623055829,575756000,617120000.0,580008000.0,17.073500620788053,16.662689988589232,0.02680795344411981,0.02465452051740433,0.06398532434035392,399.21643214025033,397.47823970697925,394.73859815107204,0.0069403943995836785
290,2021-06-08,17.4873067175246,323848000,575756000.0,617120000.0,17.53120623055829,17.073500620788053,-0.0025040782965161596,0.02680795344411981,-0.06702748249935182,399.70760263181296,399.21643214025033,397.47823970697925,0.004373050546244935
291,2021-06-09,17.479836821102058,381656000,323848000.0,575756000.0,17.4873067175246,17.53120623055829,-0.00042716105705723655,-0.0025040782965161596,-0.4375256184911664,399.7738349787665,399.70760263181296,399.21643214025033,0.001230336358975505
292,2021-06-10,17.314423806410595,287772000,381656000.0,323848000.0,17.479836821102058,17.4873067175246,-0.009463075449982051,-0.00042716105705723655,0.17850349546700922,399.5660110740742,399.7738349787665,399.70760263181296,0.00016570199445155458
293,2021-06-11,17.44365825407932,416308000,287772000.0,381656000.0,17.314423806410595,17.479836821102058,0.007463976226623086,-0.009463075449982051,-0.24599115433793783,400.73737604901333,399.5660110740742,399.7738349787665,-0.0005198536935348528
294,2021-06-14,17.86929165942702,321376000,416308000.0,287772000.0,17.44365825407932,17.314423806410595,0.024400466871572792,0.007463976226623086,0.44665916072446243,400.95463044155997,400.73737604901333,399.5660110740742,0.002931593134737335
295,2021-06-15,17.878269225821697,243032000,321376000.0,416308000.0,17.86929165942702,17.44365825407932,0.0005024019175343514,0.024400466871572792,-0.2280330908846335,401.88984153914805,400.95463044155997,400.73737604901333,0.0005421365850338446
296,2021-06-16,17.75427619748611,307124000,243032000.0,321376000.0,17.878269225821697,17.86929165942702,-0.006935404471731686,0.0005024019175343514,-0.24377675993229114,401.14357585272023,401.88984153914805,400.95463044155997,0.0023324611479312737
297,2021-06-17,17.738057866594737,809656000,307124000.0,243032000.0,17.75427619748611,17.878269225821697,-0.0009134887117318624,-0.006935404471731686,0.26371835807630273,398.34734190987837,401.14357585272023,401.88984153914805,-0.0018568911410395156
298,2021-06-18,18.74548694805198,968856000,809656000.0,307124000.0,17.738057866594737,17.75427619748611,0.05679477928384073,-0.0009134887117318624,1.6362511558849195,395.3096883274855,398.34734190987837,401.14357585272023,-0.0069706561719151214
299,2021-06-21,18.39744834960306,672384000,968856000.0,809656000.0,18.74548694805198,17.738057866594737,-0.018566527474768404,0.05679477928384073,0.19662671554339126,395.0348267059545,395.3096883274855,398.34734190987837,-0.007625640396717141
300,2021-06-22,18.43362504750395,580144000,672384000.0,968856000.0,18.39744834960306,18.74548694805198,0.001966397579350668,-0.018566527474768404,-0.3060021303475439,398.8733863104643,395.0348267059545,395.3096883274855,-0.0006953070710052648
301,2021-06-23,18.968779006896863,332356000,580144000.0,672384000.0,18.43362504750395,18.39744834960306,0.029031400932470336,0.001966397579350668,-0.13718351418237199,401.0911999186988,398.8733863104643,395.0348267059545,0.009717015678131657
302,2021-06-24,19.18832603442068,320924000,332356000.0,580144000.0,18.968779006896863,18.43362504750395,0.011574125432321782,0.029031400932470336,-0.4271146473978874,402.7024329525157,401.0911999186988,398.8733863104643,0.0055601944986830125
303,2021-06-25,19.240970238833803,278364000,320924000.0,332356000.0,19.18832603442068,18.968779006896863,0.0027435537794536476,0.011574125432321782,-0.03439685156879972,403.65966458443444,402.7024329525157,401.0911999186988,0.0040171238714375
304,2021-06-28,19.32155139135176,495436000,278364000.0,320924000.0,19.240970238833803,19.18832603442068,0.004187998397051825,0.0027435537794536476,-0.13261706821552766,404.86332152392447,403.65966458443444,402.7024329525157,0.002377019738620719
305,2021-06-29,19.841734055010626,367632000,495436000.0,278364000.0,19.32155139135176,19.240970238833803,0.026922406649586964,0.004187998397051825,0.7798134816283715,405.53622460954705,404.86332152392447,403.65966458443444,0.0029818608226045815
306,2021-06-30,19.958243358482186,326568000,367632000.0,495436000.0,19.841734055010626,19.32155139135176,0.005871931513069422,0.026922406649586964,-0.2579626833738364,404.90122907447613,405.53622460954705,404.86332152392447,0.001662050005146775
307,2021-07-01,20.083735514290062,480136000,326568000.0,367632000.0,19.958243358482186,19.841734055010626,0.006287735526310364,0.005871931513069422,-0.11169865517691605,406.4745290238891,404.90122907447613,405.53622460954705,-0.0015658170504553365
308,2021-07-02,20.398340709880483,342764000,480136000.0,326568000.0,20.083735514290062,19.958243358482186,0.015664675297410252,0.006287735526310364,0.4702481565860709,409.1283509405635,406.4745290238891,404.90122907447613,0.0038856388581709356
309,2021-07-06,20.694976946599773,446708000,342764000.0,480136000.0,20.398340709880483,20.083735514290062,0.014542174823837854,0.015664675297410252,-0.2861106019961011,411.12809821109175,409.1283509405635,406.4745290238891,0.006528876294038213
310,2021-07-07,20.810741633418665,418428000,446708000.0,342764000.0,20.694976946599773,20.398340709880483,0.005593854350145209,0.014542174823837854,0.3032523835642016,411.01443133019495,411.12809821109175,409.1283509405635,0.004887823750006416
311,2021-07-08,19.815787729327422,503300000,418428000.0,446708000.0,20.810741633418665,20.694976946599773,-0.04780963223787803,0.005593854350145209,-0.06330757452295459,406.389247204294,411.01443133019495,411.12809821109175,-0.0002764755836231835
312,2021-07-09,19.921570446468333,296624000,503300000.0,418428000.0,19.815787729327422,20.810741633418665,0.0053383049205938385,-0.04780963223787803,0.2028353743057348,409.943489373812,406.389247204294,411.01443133019495,-0.01125309423061408
313,2021-07-12,20.198497681942428,321984000,296624000.0,503300000.0,19.921570446468333,19.815787729327422,0.01390087373976018,0.0053383049205938385,-0.4106417643552553,412.69196663891324,409.943489373812,406.389247204294,0.00874590603459358
314,2021-07-13,20.358675448691407,290708000,321984000.0,296624000.0,20.198497681942428,19.921570446468333,0.007930182198262187,0.01390087373976018,0.08549544204110254,413.45967935559906,412.69196663891324,409.943489373812,0.006704527175927473
315,2021-07-14,20.316005696247302,380100000,290708000.0,321984000.0,20.358675448691407,20.198497681942428,-0.0020959002245329273,0.007930182198262187,-0.09713526137944743,414.559145543335,413.45967935559906,412.69196663891324,0.0018602560232473223
316,2021-07-15,19.771127841795916,550564000,380100000.0,290708000.0,20.316005696247302,20.358675448691407,-0.026820127076063655,-0.0020959002245329273,0.30749755768675097,412.1044414210047,414.559145543335,413.45967935559906,0.0026591859923306076
317,2021-07-16,18.991482425183538,688224000,550564000.0,380100000.0,19.771127841795916,20.316005696247302,-0.03943353271755282,-0.026820127076063655,0.44847145488029466,413.24172934012415,412.1044414210047,414.559145543335,-0.005921239824809686
318,2021-07-19,17.878519593867363,749060000,688224000.0,550564000.0,18.991482425183538,19.771127841795916,-0.058603262578403946,-0.03943353271755282,0.2500345100660414,403.93452197892947,413.24172934012415,412.1044414210047,0.0027597079885814534
319,2021-07-20,18.6915992012212,434687000,749060000.0,688224000.0,17.878519593867363,18.991482425183538,0.045478016403144396,-0.058603262578403946,0.08839563862928349,403.4511685662533,403.93452197892947,413.24172934012415,-0.02252242864256882
320,2021-07-21,18.84328200125946,371017000,434687000.0,749060000.0,18.6915992012212,17.878519593867363,0.008115025279824573,0.045478016403144396,-0.4196900114810563,409.7633238308091,403.4511685662533,403.93452197892947,-0.001196613278578373
321,2021-07-22,19.601727296802768,323826000,371017000.0,434687000.0,18.84328200125946,18.6915992012212,0.040250169556057896,0.008115025279824573,-0.14647320945875997,412.03802544898514,409.7633238308091,403.4511685662533,0.01564540087214859
322,2021-07-23,19.615697192594002,195672000,323826000.0,371017000.0,19.601727296802768,18.84328200125946,0.0007126869780253012,0.040250169556057896,-0.12719363263677944,414.6728505135396,412.03802544898514,409.7633238308091,0.005551257240180092
323,2021-07-26,19.271407557892836,203943000,195672000.0,323826000.0,19.615697192594002,19.601727296802768,-0.01755174090019876,0.0007126869780253012,-0.3957495692130959,416.3693854786226,414.6728505135396,412.03802544898514,0.0063946162776684174
324,2021-07-27,19.225495761297395,248863000,203943000.0,195672000.0,19.271407557892836,19.615697192594002,-0.0023823789963196957,-0.01755174090019876,0.042269716668710905,416.9380795837337,416.3693854786226,414.6728505135396,0.004091261250843838
325,2021-07-28,19.279389940593333,202191000,248863000.0,203943000.0,19.225495761297395,19.271407557892836,0.0028032660361576455,-0.0023823789963196957,0.22025762100194662,416.72004777472563,416.9380795837337,416.3693854786226,0.0013658403450038164
326,2021-07-29,19.47897479340846,190781000,202191000.0,248863000.0,19.279389940593333,19.225495761297395,0.01035223901949805,0.0028032660361576455,-0.18754093617773634,416.85275933507603,416.72004777472563,416.9380795837337,-0.0005229357060064565
327,2021-07-30,19.37818731394918,183497000,190781000.0,202191000.0,19.47897479340846,19.279389940593333,-0.005174167559033307,0.01035223901949805,-0.05643178974336147,415.04253201129313,416.85275933507603,416.72004777472563,0.0003184669445568495
328,2021-08-02,19.659610263853708,217444000,183497000.0,190781000.0,19.37818731394918,19.47897479340846,0.014522666405538781,-0.005174167559033307,-0.03817990261084699,417.3456234296735,415.04253201129313,416.85275933507603,-0.004342606071914696
329,2021-08-03,19.699521318273458,301811000,217444000.0,183497000.0,19.659610263853708,19.37818731394918,0.0020301040500854306,0.014522666405538781,0.1850002997324207,415.5448046884701,417.3456234296735,415.04253201129313,0.005549049171465832
330,2021-08-04,19.949009553405215,231309000,301811000.0,217444000.0,19.699521318273458,19.659610263853708,0.012664685151528505,0.0020301040500854306,0.38799415021798717,416.8148839307856,415.5448046884701,417.3456234296735,-0.004314933810505959
331,2021-08-05,20.45797016580172,211435000,231309000.0,301811000.0,19.949009553405215,19.699521318273458,0.025513076778773,0.012664685151528505,-0.23359652232688669,417.2318469992562,416.8148839307856,415.5448046884701,0.00305641949552866
332,2021-08-06,20.481916703623906,178497000,211435000.0,231309000.0,20.45797016580172,19.949009553405215,0.0011705236457044575,0.025513076778773,-0.08591970048722704,419.0136815002229,417.2318469992562,416.8148839307856,0.001000355516430827
333,2021-08-09,20.40407883524216,146443000,178497000.0,211435000.0,20.481916703623906,20.45797016580172,-0.003800321498620965,0.0011705236457044575,-0.15578310118949085,419.35489957479837,419.0136815002229,417.2318469992562,0.004270610006838375
334,2021-08-10,20.280336557307983,179238000,146443000.0,178497000.0,20.40407883524216,20.481916703623906,-0.006064585367139825,-0.003800321498620965,-0.17957724779688175,419.49703344563204,419.35489957479837,419.0136815002229,0.0008143363561633102
335,2021-08-11,20.001903929821303,185925000,179238000.0,146443000.0,20.280336557307983,20.40407883524216,-0.013729191658130904,-0.006064585367139825,0.22394378700245146,420.6439068637895,419.49703344563204,419.35489957479837,0.0003389345658719865
336,2021-08-12,19.829261061279524,151652000,185925000.0,179238000.0,20.001903929821303,20.280336557307983,-0.008631321755544551,-0.013729191658130904,0.037307936933016435,420.4543630012492,420.6439068637895,419.49703344563204,0.002733924978532842
337,2021-08-13,19.86418766511711,183063000,151652000.0,185925000.0,19.829261061279524,20.001903929821303,0.0017613668875330697,-0.008631321755544551,-0.1843377706064273,422.3214630981357,420.4543630012492,420.6439068637895,-0.0004506040844701153
338,2021-08-16,20.09371398663874,210876000,183063000.0,151652000.0,19.86418766511711,19.829261061279524,0.011554780159708867,0.0017613668875330697,0.20712552422651861,421.31680810691563,422.3214630981357,420.4543630012492,0.004440672427701705
339,2021-08-17,19.644636093502562,204585000,210876000.0,183063000.0,20.09371398663874,19.86418766511711,-0.022349173151105392,0.011554780159708867,0.1519313023385392,421.0418946552004,421.31680810691563,422.3214630981357,-0.002378886888319572
340,2021-08-18,19.460017206207215,285913000,204585000.0,210876000.0,19.644636093502562,20.09371398663874,-0.009397928595705032,-0.022349173151105392,-0.029832697888806693,419.82879402483263,421.0418946552004,421.31680810691563,-0.00065251005045465
341,2021-08-19,19.454028707916844,766555000,285913000.0,204585000.0,19.460017206207215,19.644636093502562,-0.0003077334530033664,-0.009397928595705032,0.3975267003934795,413.48812749400093,419.82879402483263,421.0418946552004,-0.002881187467962528
342,2021-08-20,19.950008215956153,675741000,766555000.0,285913000.0,19.454028707916844,19.460017206207215,0.02549495096804648,-0.0003077334530033664,1.6810778103828787,417.24135751704904,413.48812749400093,419.82879402483263,-0.015102981551228835
343,2021-08-23,20.9280032849488,575807000,675741000.0,766555000.0,19.950008215956153,19.454028707916844,0.04902228903396846,0.02549495096804648,-0.11847029893484486,421.9138610056584,417.24135751704904,413.48812749400093,0.00907699586393217
344,2021-08-24,21.70839881527599,297299000,575807000.0,675741000.0,20.9280032849488,19.950008215956153,0.03728953592474074,0.04902228903396846,-0.14788802218601504,424.57720947265625,421.9138610056584,417.24135751704904,0.011198562665060006
345,2021-08-25,21.692431791193993,347701000,297299000.0,575807000.0,21.70839881527599,20.9280032849488,-0.0007355228830033571,0.03728953592474074,-0.4836829006941562,424.7667608801489,424.57720947265625,421.9138610056584,0.006312540812595187
346,2021-08-26,22.154482079765433,237940000,347701000.0,297299000.0,21.692431791193993,21.70839881527599,0.021300068752965202,-0.0007355228830033571,0.1695330290381064,425.1837426889995,424.7667608801489,424.57720947265625,0.0004464474382129544
347,2021-08-27,22.138517123604025,304722000,237940000.0,347701000.0,22.154482079765433,21.692431791193993,-0.0007206196969050144,0.021300068752965202,-0.3156764001253951,423.7716319683705,425.1837426889995,424.7667608801489,0.0009816724076679938
348,2021-08-30,22.783190447883996,262580000,304722000.0,237940000.0,22.138517123604025,22.154482079765433,0.02911998670374458,-0.0007206196969050144,0.28066739514163236,427.4205335190668,423.7716319683705,425.1837426889995,-0.0033211775965334765
349,2021-08-31,22.652458850997647,259850000,262580000.0,304722000.0,22.783190447883996,22.138517123604025,-0.005738072426045622,0.02911998670374458,-0.1382965457039531,428.51991701245834,427.4205335190668,423.7716319683705,0.008610537552378275
350,2021-09-01,22.442853466367463,201767000,259850000.0,262580000.0,22.652458850997647,22.783190447883996,-0.009253096364015785,-0.005738072426045622,-0.010396831441846294,428.9275062155369,428.51991701245834,427.4205335190668,0.002572135419746978
351,2021-09-02,22.47579213790653,187834000,201767000.0,259850000.0,22.442853466367463,22.652458850997647,0.0014676686094497306,-0.009253096364015785,-0.22352511064075428,429.6477827201443,428.9275062155369,428.51991701245834,0.000951155796725066
352,2021-09-03,22.28314992989673,280532000,187834000.0,201767000.0,22.47579213790653,22.442853466367463,-0.008571097598153176,0.0014676686094497306,-0.06905489995886344,428.3777528890635,429.6477827201443,428.9275062155369,0.0016792499762080017
353,2021-09-07,22.79019917160321,198107000,280532000.0,187834000.0,22.28314992989673,22.47579213790653,0.02275482789918243,-0.008571097598153176,0.4935102271154317,429.0696436766958,428.3777528890635,429.6477827201443,-0.0029559790185348404
354,2021-09-08,22.47080039788564,254434000,198107000.0,280532000.0,22.79019917160321,22.28314992989673,-0.014014742535271185,0.02275482789918243,-0.29381674817846093,427.344702266281,429.0696436766958,428.3777528890635,0.0016151417363905016
355,2021-09-09,22.270180391945427,196856000,254434000.0,198107000.0,22.47080039788564,22.79019917160321,-0.008928031150999393,-0.014014742535271185,0.28432614698117686,427.16460715594775,427.344702266281,429.0696436766958,-0.004020189812622989
356,2021-09-10,22.306111815053313,248376000,196856000.0,254434000.0,22.270180391945427,22.47080039788564,0.001613432063661313,-0.008928031150999393,-0.22629837207291478,427.48692843634944,427.16460715594775,427.344702266281,-0.00042142820392569784
357,2021-09-13,22.641481778146552,297500000,248376000.0,196856000.0,22.306111815053313,22.270180391945427,0.015034891148842626,0.001613432063661313,0.26171414638111107,425.21221989280974,427.48692843634944,427.16460715594775,0.0007545598933106913
358,2021-09-14,22.233246938092215,199755000,297500000.0,248376000.0,22.641481778146552,22.306111815053313,-0.018030394125898762,0.015034891148842626,0.19778078397268659,424.7193007446466,425.21221989280974,427.48692843634944,-0.005321118359946285
359,2021-09-15,22.267182251249665,166538000,199755000.0,297500000.0,22.233246938092215,22.641481778146552,0.0015263318602065467,-0.018030394125898762,-0.3285546218487395,421.4021090217299,424.7193007446466,425.21221989280974,-0.001159230908950353
360,2021-09-16,22.141420328903294,156033000,166538000.0,199755000.0,22.267182251249665,22.233246938092215,-0.005647859748366351,0.0015263318602065467,-0.16628870366198592,423.96110047245674,421.4021090217299,424.7193007446466,-0.007810315465063044
361,2021-09-17,22.25819950957799,294503000,156033000.0,166538000.0,22.141420328903294,22.267182251249665,0.005274240718977485,-0.005647859748366351,-0.063078696753894,423.03744564022395,423.96110047245674,421.4021090217299,0.006072564412806134
362,2021-09-20,21.1063643864586,349440000,294503000.0,156033000.0,22.25819950957799,22.141420328903294,-0.051748800374609855,0.005274240718977485,0.8874404773349227,413.49115688370534,423.03744564022395,423.96110047245674,-0.0021786310847940436
363,2021-09-21,21.37685576304197,204688000,349440000.0,294503000.0,21.1063643864586,22.25819950957799,0.012815630945749725,-0.051748800374609855,0.1865413934662805,415.0600361208461,413.49115688370534,423.03744564022395,-0.02256606088870283
364,2021-09-22,21.32595261044499,268726000,204688000.0,349440000.0,21.37685576304197,21.1063643864586,-0.002381227303081016,0.012815630945749725,-0.41423992673992677,414.60357866951676,415.0600361208461,413.49115688370534,0.0037942268196609233
365,2021-09-23,22.098501364527507,248555000,268726000.0,204688000.0,21.32595261044499,21.37685576304197,0.0362257559225814,-0.002381227303081016,0.3128566403501915,418.2167277534638,414.60357866951676,415.0600361208461,-0.001099738379043694
366,2021-09-24,22.02863275410855,217655000,248555000.0,268726000.0,22.098501364527507,21.32595261044499,-0.0031616899836977483,0.0362257559225814,-0.0750615868952018,419.72853840774184,418.2167277534638,414.60357866951676,0.008714707903732476
367,2021-09-27,21.66930554216764,245215000,217655000.0,248555000.0,22.02863275410855,22.098501364527507,-0.01631182542974182,-0.0031616899836977483,-0.1243185612842228,421.0311599506328,419.72853840774184,418.2167277534638,0.0036148976211426635
368,2021-09-28,21.174236070678667,343069000,245215000.0,217655000.0,21.66930554216764,22.02863275410855,-0.0228465776406902,-0.01631182542974182,0.1266224070202844,418.06462182366096,421.0311599506328,419.72853840774184,0.0031034857620892576
369,2021-09-29,20.900747828469267,218394000,343069000.0,245215000.0,21.174236070678667,21.66930554216764,-0.012916085439706439,-0.0228465776406902,0.3990538914829843,413.7858703755339,418.06462182366096,421.0311599506328,-0.007045887357410023
370,2021-09-30,20.729074289499767,221009000,218394000.0,343069000.0,20.900747828469267,21.174236070678667,-0.00821375102835607,-0.012916085439706439,-0.3634108590400182,414.5750720682423,413.7858703755339,418.06462182366096,-0.01023466522821884
371,2021-10-01,20.7111075192128,240978000,221009000.0,218394000.0,20.729074289499767,20.900747828469267,-0.0008667425296492334,-0.00821375102835607,0.011973772173228201,409.78298672233353,414.5750720682423,413.7858703755339,0.0019072707629968146
372,2021-10-04,20.465567287478837,345635000,240978000.0,221009000.0,20.7111075192128,20.729074289499767,-0.011855485347955672,-0.0008667425296492334,0.09035378649738246,411.70365256894723,409.78298672233353,414.5750720682423,-0.011559029157257128
373,2021-10-05,19.912609677914286,279282000,345635000.0,240978000.0,20.465567287478837,20.7111075192128,-0.027018924117625576,-0.011855485347955672,0.4343010565279818,409.0793552867115,411.70365256894723,409.78298672233353,0.004687031694449367
374,2021-10-06,20.08228682900517,297202000,279282000.0,345635000.0,19.912609677914286,20.465567287478837,0.00852109059713445,-0.027018924117625576,-0.19197419242842884,408.15709000231993,409.0793552867115,411.70365256894723,-0.006374238522929378
375,2021-10-07,21.052464094730574,256919000,297202000.0,279282000.0,20.08228682900517,19.912609677914286,0.04831009904331021,0.00852109059713445,0.06416453620355053,416.8285865435154,408.15709000231993,409.0793552867115,-0.0022544899234653313
376,2021-10-08,21.061448413209504,151258000,256919000.0,297202000.0,21.052464094730574,20.08228682900517,0.00042675852282674084,0.04831009904331021,-0.13554081062711557,417.8649017533313,416.8285865435154,408.15709000231993,0.02124548795941829
377,2021-10-11,20.536441623102213,163388000,151258000.0,256919000.0,21.061448413209504,21.052464094730574,-0.024927382951402937,0.00042675852282674084,-0.41126191523398425,415.65903478250317,417.8649017533313,416.8285865435154,0.002486190350833086
378,2021-10-12,20.788958953630814,162134000,163388000.0,151258000.0,20.536441623102213,21.061448413209504,0.012296060591360425,-0.024927382951402937,0.08019410543574555,414.24234359047716,415.65903478250317,417.8649017533313,-0.005278899858716249
379,2021-10-13,20.878794927311777,180652000,162134000.0,163388000.0,20.788958953630814,20.536441623102213,0.004321331043143575,0.012296060591360425,-0.007674982250838495,413.3295431874159,414.24234359047716,415.65903478250317,-0.0034083012119953135
380,2021-10-14,21.248098528115012,243589000,180652000.0,162134000.0,20.878794927311777,20.788958953630814,0.017687974908941948,0.004321331043143575,0.11421416852726757,417.4846135651135,413.3295431874159,414.24234359047716,-0.0022035420018859386
381,2021-10-15,21.76911564962182,226994000,243589000.0,180652000.0,21.248098528115012,20.878794927311777,0.02452064690952983,0.017687974908941948,0.34838806102340414,422.87573323432537,417.4846135651135,413.3295431874159,0.010052681803617328
382,2021-10-18,21.708236321965515,189494000,226994000.0,243589000.0,21.76911564962182,21.248098528115012,-0.0027965916776854995,0.02452064690952983,-0.06812705007204758,422.1341389843227,422.87573323432537,417.4846135651135,0.012913337387872516
383,2021-10-19,22.23424484253194,161473000,189494000.0,226994000.0,21.708236321965515,21.76911564962182,0.02423082708170917,-0.0027965916776854995,-0.16520260447412707,426.8406682478149,422.1341389843227,422.87573323432537,-0.0017536930869280415
384,2021-10-20,22.263192160502342,146276000,161473000.0,189494000.0,22.23424484253194,21.708236321965515,0.0013019249439508336,0.02423082708170917,-0.14787275586562107,428.94198277005415,426.8406682478149,422.1341389843227,0.011149368953708319
385,2021-10-21,22.055585228702896,187590000,146276000.0,161473000.0,22.263192160502342,22.23424484253194,-0.009325119699939844,0.0013019249439508336,-0.09411480557121005,429.5504514607996,428.94198277005415,426.8406682478149,0.004922948253420102
386,2021-10-22,22.780221323580307,249384000,187590000.0,146276000.0,22.055585228702896,22.263192160502342,0.03285499284482271,-0.009325119699939844,0.2824386775684323,430.843532343935,429.5504514607996,428.94198277005415,0.0014185337765634978
387,2021-10-25,22.929938637364884,230235000,249384000.0,187590000.0,22.780221323580307,22.055585228702896,0.00657225018396121,0.03285499284482271,0.3294098832560371,431.9370045004448,430.843532343935,429.5504514607996,0.0030103120104703752
388,2021-10-26,23.94403908399365,485898000,230235000.0,249384000.0,22.929938637364884,22.780221323580307,0.04422604275862587,0.00657225018396121,-0.0767851987296699,434.71342580125923,431.9370045004448,430.843532343935,0.002537979740721488
389,2021-10-27,24.428126137261565,245990000,485898000.0,230235000.0,23.94403908399365,22.929938637364884,0.020217434977021928,0.04422604275862587,1.1104436771125155,434.00029823752453,434.71342580125923,431.9370045004448,0.006427838485441862
390,2021-10-28,24.83136923034824,234204000,245990000.0,485898000.0,24.428126137261565,23.94403908399365,0.016507328102894764,0.020217434977021928,-0.4937414848383817,433.0590300948949,434.00029823752453,434.71342580125923,-0.0016404544267761513
391,2021-10-29,24.954138212280494,292503000,234204000.0,245990000.0,24.83136923034824,24.428126137261565,0.004944108429679685,0.016507328102894764,-0.04791251676897435,433.4488020672072,433.0590300948949,434.00029823752453,-0.002168819114761213
392,2021-11-01,25.60092339643473,265740000,292503000.0,234204000.0,24.954138212280494,24.83136923034824,0.02591895495056362,0.004944108429679685,0.24892401496131578,437.6609194196054,433.4488020672072,433.0590300948949,0.0009000435165314383
393,2021-11-02,25.773601486490804,294112000,265740000.0,292503000.0,25.60092339643473,24.954138212280494,0.0067449945996917345,0.02591895495056362,-0.0914964974718208,437.5848249875533,437.6609194196054,433.4488020672072,0.009717681378538212
394,2021-11-03,26.620008930212876,239910000,294112000.0,265740000.0,25.773601486490804,25.60092339643473,0.03284009198969399,0.0067449945996917345,0.10676601189132234,438.61174989498437,437.5848249875533,437.6609194196054,-0.0001738661796740435
395,2021-11-04,27.177960661408324,1153631000,239910000.0,294112000.0,26.620008930212876,25.773601486490804,0.020959862660383653,0.03284009198969399,-0.1842903383744968,442.472078412089,438.61174989498437,437.5848249875533,0.002346801919971234
396,2021-11-05,30.130415918427726,851260000,1153631000.0,239910000.0,27.177960661408324,26.620008930212876,0.10863417214418801,0.020959862660383653,3.808599057980076,446.1992881073254,442.472078412089,438.61174989498437,0.008801242825867951
397,2021-11-08,30.092490515186665,503101000,851260000.0,1153631000.0,30.130415918427726,27.177960661408324,-0.001258708254932063,0.10863417214418801,-0.26210374027743705,446.59863305396107,446.1992881073254,442.472078412089,0.008423604283941136
398,2021-11-09,32.22148691593365,646746000,503101000.0,851260000.0,30.092490515186665,30.130415918427726,0.07074842807286276,-0.001258708254932063,-0.40899255221671404,446.23728685780395,446.59863305396107,446.1992881073254,0.0008949923437341068
399,2021-11-10,29.30097811813441,636206000,646746000.0,503101000.0,32.22148691593365,30.092490515186665,-0.0906385482898072,0.07074842807286276,0.28551920986044554,442.68128082466427,446.23728685780395,446.59863305396107,-0.0008091072596575871
400,2021-11-11,30.41089315231929,332172000,636206000.0,646746000.0,29.30097811813441,32.22148691593365,0.037879794650880684,-0.0906385482898072,-0.016296969753195226,442.3294139187148,442.68128082466427,446.23728685780395,-0.007968867994379014
401,2021-11-12,29.953751415289407,413054000,332172000.0,636206000.0,30.41089315231929,29.30097811813441,-0.01503217070081411,0.037879794650880684,-0.4778860934980179,442.2438966960916,442.3294139187148,442.68128082466427,-0.0007948538173874816
402,2021-11-15,30.49473401848278,384909000,413054000.0,332172000.0,29.953751415289407,30.41089315231929,0.018060596006590286,-0.01503217070081411,0.2434943342605638,445.5907250933915,442.2438966960916,442.3294139187148,-0.00019333379136055124
403,2021-11-16,29.703222866064166,264484000,384909000.0,413054000.0,30.49473401848278,29.953751415289407,-0.025955666704253973,0.018060596006590286,-0.06813879056975601,444.17400510179345,445.5907250933915,442.2438966960916,0.007567833999074501
404,2021-11-17,30.360984817465404,428508000,264484000.0,384909000.0,29.703222866064166,30.49473401848278,0.022144464065976102,-0.025955666704253973,-0.3128661579750019,445.93307547608174,444.17400510179345,445.5907250933915,-0.0031794198393629005
405,2021-11-18,32.30633153707258,781711000,428508000.0,264484000.0,30.360984817465404,29.703222866064166,0.06407390047796144,0.022144464065976102,0.6201660591945071,446.1612468047309,445.93307547608174,444.17400510179345,0.003960318150282457
406,2021-11-19,32.182554799728145,533867000,781711000.0,428508000.0,32.30633153707258,30.360984817465404,-0.0038313461001413217,0.06407390047796144,0.8242623241573086,446.51299030357035,446.1612468047309,445.93307547608174,0.0005116716861730534
407,2021-11-22,33.45416997463953,754335000,533867000.0,781711000.0,32.182554799728145,32.30633153707258,0.03951256147389901,-0.0038313461001413217,-0.3170532332281367,447.7300826152093,446.51299030357035,446.1612468047309,0.0007883775235041232
408,2021-11-23,31.475886099701636,532163000,754335000.0,533867000.0,33.45416997463953,32.182554799728145,-0.05913414908926332,0.03951256147389901,0.4129642776197068,444.2406398651069,447.7300826152093,446.51299030357035,0.0027257713393993334
409,2021-11-24,31.40202915429508,435162000,532163000.0,754335000.0,31.475886099701636,33.45416997463953,-0.0023464611980298696,-0.05913414908926332,-0.2945269674614064,443.13764470866045,444.2406398651069,447.7300826152093,-0.00779363032682643
410,2021-11-26,32.53889461478636,283069000,435162000.0,532163000.0,31.40202915429508,31.475886099701636,0.036203566811088765,-0.0023464611980298696,-0.18227685878198974,439.6006408320655,443.13764470866045,444.2406398651069,-0.002482877651133834
411,2021-11-29,32.30532956771906,454964000,283069000.0,435162000.0,32.53889461478636,31.40202915429508,-0.0071780264766940684,0.036203566811088765,-0.34950891851770144,441.24551898634536,439.6006408320655,443.13764470866045,-0.007981727390640316
412,2021-11-30,33.10682971857124,622066000,454964000.0,283069000.0,32.30532956771906,32.53889461478636,0.024810152429247237,-0.0071780264766940684,0.6072547682720467,439.2772836434596,441.24551898634536,439.6006408320655,0.0037417555879046944
413,2021-12-01,33.160795426923904,484368000,622066000.0,454964000.0,33.10682971857124,32.30532956771906,0.0016300476007943294,0.024810152429247237,0.36728620286440244,438.935038057527,439.2772836434596,441.24551898634536,-0.004460635311169373
414,2021-12-02,31.159312696986895,472890000,484368000.0,622066000.0,33.160795426923904,33.10682971857124,-0.060356897479967156,0.0016300476007943294,-0.22135593329325184,428.5616331431633,438.935038057527,439.2772836434596,-0.0007791105952349108
415,2021-12-03,31.943930302637863,544325000,472890000.0,484368000.0,31.159312696986895,33.160795426923904,0.025180838014018228,-0.060356897479967156,-0.02369685858685958,436.58651979160004,428.5616331431633,438.935038057527,-0.023633121111202186
416,2021-12-06,29.827644780843933,658938000,544325000.0,472890000.0,31.943930302637863,31.159312696986895,-0.06625000435901815,0.025180838014018228,0.1510605003277718,433.6960740599553,436.58651979160004,428.5616331431633,0.01872516349534252
417,2021-12-07,30.902749322845935,593053000,658938000.0,544325000.0,29.827644780843933,31.943930302637863,0.0360438965228814,-0.06625000435901815,0.21055986772608276,441.5687876131408,433.6960740599553,436.58651979160004,-0.0066205565234227605
418,2021-12-08,31.94293226813798,475551000,593053000.0,658938000.0,30.902749322845935,29.827644780843933,0.03365988360534167,0.0360438965228814,-0.09998664517754326,445.64784251669647,441.5687876131408,433.6960740599553,0.01815260507084304
419,2021-12-09,31.67839665588183,488507000,475551000.0,593053000.0,31.94293226813798,30.902749322845935,-0.008281506845882641,0.03365988360534167,-0.19813068983716464,445.1248802686382,445.64784251669647,441.5687876131408,0.009237643189421607
420,2021-12-10,31.09542177088219,488825000,488507000.0,475551000.0,31.67839665588183,31.94293226813798,-0.018402916389122146,-0.008281506845882641,0.02724418621767171,446.1517498312818,445.1248802686382,445.64784251669647,-0.0011734876693331468
421,2021-12-13,30.19599683965419,598344000,488825000.0,488507000.0,31.09542177088219,31.67839665588183,-0.028924673794591342,-0.018402916389122146,0.0006509630363536244,447.0644796810768,446.1517498312818,445.1248802686382,0.0023069246590391775
422,2021-12-14,27.65046707434762,667035000,598344000.0,488825000.0,30.19599683965419,31.09542177088219,-0.0843002394927963,-0.028924673794591342,0.22404541502582723,440.3137244942528,447.0644796810768,446.1517498312818,0.0020457834136931854
423,2021-12-15,28.35023960485111,698297000,667035000.0,598344000.0,27.65046707434762,30.19599683965419,0.025307801442265562,-0.0843002394927963,0.11480185311459629,440.627458695723,440.3137244942528,447.0644796810768,-0.01510018239793909
424,2021-12-16,31.097415740907646,707366000,698297000.0,667035000.0,28.35023960485111,27.65046707434762,0.09690133749650763,0.025307801442265562,0.046867105923977005,449.3274777441211,440.627458695723,440.3137244942528,0.000712524239008344
425,2021-12-17,27.93596643631338,713758000,707366000.0,698297000.0,31.097415740907646,28.35023960485111,-0.10166276615826578,0.09690133749650763,0.012987310556969313,440.391246158323,449.3274777441211,440.627458695723,0.019744613906156738
426,2021-12-20,27.25715510319622,461847000,713758000.0,707366000.0,27.93596643631338,31.097415740907646,-0.024298831209747858,-0.10166276615826578,0.009036340451760475,433.6453579419166,440.391246158323,449.3274777441211,-0.01988801492991941
427,2021-12-21,28.324285422853343,524385000,461847000.0,713758000.0,27.25715510319622,27.93596643631338,0.03915046583610595,-0.024298831209747858,-0.35293614922704897,437.5860200573119,433.6453579419166,440.391246158323,-0.015317943476971876
428,2021-12-22,28.840378926185185,395184000,524385000.0,461847000.0,28.324285422853343,27.25715510319622,0.018220883444262766,0.03915046583610595,0.13540847943150003,441.5744520852002,437.5860200573119,433.6453579419166,0.009087292284408863
429,2021-12-23,29.702866291785355,343022000,395184000.0,524385000.0,28.840378926185185,28.324285422853343,0.029905549015414912,0.018220883444262766,-0.24638576618324323,447.26120100805275,441.5744520852002,437.5860200573119,0.009114623971227327
430,2021-12-27,29.608029328774624,403686000,343022000.0,395184000.0,29.702866291785355,28.840378926185185,-0.003192855601176769,0.029905549015414912,-0.13199421029191466,450.41941374289246,447.26120100805275,441.5744520852002,0.012878346779345132
431,2021-12-28,31.257134464347306,420591000,403686000.0,343022000.0,29.608029328774624,29.702866291785355,0.05569790266216726,-0.003192855601176769,0.17685163050766423,455.81995052630975,450.41941374289246,447.26120100805275,0.007061226700911277
432,2021-12-29,30.21995567466968,343139000,420591000.0,403686000.0,31.257134464347306,29.608029328774624,-0.03318214569095124,0.05569790266216726,0.04187660706588785,455.11389431865143,455.81995052630975,450.41941374289246,0.01199001778928654
433,2021-12-30,29.774735640296466,308864000,343139000.0,420591000.0,30.21995567466968,31.257134464347306,-0.014732650145691549,-0.03318214569095124,-0.18415039789248938,456.0203602742119,455.11389431865143,455.81995052630975,-0.0015489804841650248
434,2021-12-31,29.622004297954177,266530000,308864000.0,343139000.0,29.774735640296466,30.21995567466968,-0.005129561658830841,-0.014732650145691549,-0.09988663486225699,453.8353725035261,456.0203602742119,455.11389431865143,0.001991734304041692
435,2022-01-03,29.76275846512053,391547000,266530000.0,308864000.0,29.622004297954177,29.774735640296466,0.004751676009177884,-0.005129561658830841,-0.13706356195607128,454.46505966747395,453.8353725035261,456.0203602742119,-0.004791425912149873
436,2022-01-04,30.22394803607981,527154000,391547000.0,266530000.0,29.76275846512053,29.622004297954177,0.015495525103956896,0.004751676009177884,0.4690541402468765,457.2512006490592,454.46505966747395,453.8353725035261,0.001387479253708773
437,2022-01-05,28.89827420780447,498064000,527154000.0,391547000.0,30.22394803607981,29.76275846512053,-0.043861702868626555,0.015495525103956896,0.3463364551382082,455.28567200757817,457.2512006490592,454.46505966747395,0.006130594469955077
438,2022-01-06,27.591568449323077,454186000,498064000.0,527154000.0,28.89827420780447,30.22394803607981,-0.04521743233125299,-0.043861702868626555,-0.05518311537046101,446.440585041833,455.28567200757817,457.2512006490592,-0.004298575134829545
439,2022-01-07,28.091691414138594,409939000,454186000.0,498064000.0,27.591568449323077,28.89827420780447,0.018125934585200693,-0.04521743233125299,-0.08809711201773267,446.4978615000766,446.440585041833,455.28567200757817,-0.01942755397230674
440,2022-01-10,26.534424542018602,594681000,409939000.0,454186000.0,28.091691414138594,27.591568449323077,-0.05543514091630017,0.018125934585200693,-0.09742044008401844,441.4885289655664,446.4978615000766,446.440585041833,0.00012829581396201625
441,2022-01-11,27.27512514321652,404089000,594681000.0,409939000.0,26.534424542018602,28.091691414138594,0.02791470378507669,-0.05543514091630017,0.45065729291431167,443.90252186789985,441.4885289655664,446.4978615000766,-0.011219163553618445
442,2022-01-12,28.017819463880873,383413000,404089000.0,594681000.0,27.27512514321652,26.534424542018602,0.027229731000851687,0.02791470378507669,-0.32049451722856453,449.9710311827004,443.90252186789985,441.4885289655664,0.0054678496584941606
443,2022-01-13,28.329270608994918,540171000,383413000.0,404089000.0,28.017819463880873,27.27512514321652,0.011116180740458831,0.027229731000851687,-0.05116694589558241,450.5434974150273,449.9710311827004,443.90252186789985,0.01367081513586553
444,2022-01-14,26.25391724987273,395832000,540171000.0,383413000.0,28.329270608994918,28.017819463880873,-0.07325827013926851,0.011116180740458831,0.40884894356738033,440.0477504051449,450.5434974150273,449.9710311827004,0.0012722290828860571
445,2022-01-18,26.213989357999964,424270000,395832000.0,540171000.0,26.25391724987273,28.329270608994918,-0.0015208355954179804,-0.07325827013926851,-0.26720982799891146,438.66421274017995,440.0477504051449,450.5434974150273,-0.02329574629331299
446,2022-01-19,26.033308788065007,488315000,424270000.0,395832000.0,26.213989357999964,26.25391724987273,-0.006892524730495352,-0.0015208355954179804,0.07184361042058247,437.12802416306374,438.66421274017995,440.0477504051449,-0.003144062578870435
447,2022-01-20,25.25966433666662,435181000,488315000.0,424270000.0,26.033308788065007,26.213989357999964,-0.029717484538617858,-0.006892524730495352,0.15095340231456383,432.94884552019033,437.12802416306374,438.66421274017995,-0.00350196923409863
448,2022-01-21,23.465812345644732,718958000,435181000.0,488315000.0,25.25966433666662,26.033308788065007,-0.07101646194157675,-0.029717484538617858,-0.10881091098983238,425.1342313395035,432.94884552019033,437.12802416306374,-0.009560536986561247
449,2022-01-24,22.29087668971023,913982000,718958000.0,435181000.0,23.465812345644732,25.25966433666662,-0.05007010363110526,-0.07101646194157675,0.6520895903084004,412.22451803942744,425.1342313395035,432.94884552019033,-0.018049740198053922
450,2022-01-25,22.506496560966628,664616000,913982000.0,718958000.0,22.29087668971023,23.465812345644732,0.009673009916022284,-0.05007010363110526,0.27125923906542526,413.2072777962012,412.22451803942744,425.1342313395035,-0.03036620518512574
451,2022-01-26,23.199276047776902,755959000,664616000.0,913982000.0,22.506496560966628,22.29087668971023,0.03078131173964108,0.009673009916022284,-0.27283469477517064,420.51617536548184,413.2072777962012,412.22451803942744,0.0023840400407230586
452,2022-01-27,23.52670088427018,573353000,755959000.0,664616000.0,23.199276047776902,22.506496560966628,0.014113579915984262,0.03078131173964108,0.1374372570025398,418.168966707125,420.51617536548184,413.2072777962012,0.017688211127988608
453,2022-01-28,21.97342995522817,543774000,573353000.0,755959000.0,23.52670088427018,23.199276047776902,-0.06602162099491472,0.014113579915984262,-0.24155542827058082,412.8447627607558,418.168966707125,420.51617536548184,-0.005581732156478501
454,2022-01-31,23.14138195748147,564680000,543774000.0,573353000.0,21.97342995522817,23.52670088427018,0.05315292171650283,-0.06602162099491472,-0.0515895094296184,421.01235554913615,412.8447627607558,418.168966707125,-0.012732183328415404
455,2022-02-01,25.060014577270604,518925000,564680000.0,543774000.0,23.14138195748147,21.97342995522817,0.08290916347668036,0.05315292171650283,0.038446119159798,430.0195305080426,421.01235554913615,412.8447627607558,0.019783689960755177
456,2022-02-02,25.74880194425847,543419000,518925000.0,564680000.0,25.060014577270604,23.14138195748147,0.02748551342075421,0.08290916347668036,-0.08102819295884395,434.61862286219315,430.0195305080426,421.01235554913615,0.021394086991005683
457,2022-02-03,24.41514489111472,410178000,543419000.0,518925000.0,25.74880194425847,25.060014577270604,-0.05179491675111243,0.02748551342075421,0.04720142602495544,430.27723794947974,434.61862286219315,430.0195305080426,0.01069507784615507
458,2022-02-04,23.92999606449557,354829000,410178000.0,543419000.0,24.41514489111472,25.74880194425847,-0.019870814970903986,-0.05179491675111243,-0.24519017553674052,425.8880653676078,430.27723794947974,434.61862286219315,-0.009988952806769062
459,2022-02-07,24.329296178413642,376868000,354829000.0,410178000.0,23.92999606449557,24.41514489111472,0.016686175494633974,-0.019870814970903986,-0.13493897771211522,428.90323197234744,425.8880653676078,430.27723794947974,-0.010200801238729003
460,2022-02-08,24.316318617844477,410359000,376868000.0,354829000.0,24.329296178413642,23.92999606449557,-0.0005334129057411858,0.016686175494633974,0.062111608690383256,426.2506758361312,428.90323197234744,425.8880653676078,0.007079716127140329
461,2022-02-09,25.577104409106095,524282000,410359000.0,376868000.0,24.316318617844477,24.329296178413642,0.05184936959727092,-0.0005334129057411858,0.0888666588832164,434.35141193604545,426.2506758361312,428.90323197234744,-0.006184509554796819
462,2022-02-10,25.949453184069903,513200000,524282000.0,410359000.0,25.577104409106095,24.316318617844477,0.014557894005829757,0.05184936959727092,0.2776178906762128,430.6492802514605,434.35141193604545,426.2506758361312,0.019004629339352635
463,2022-02-11,25.870592262319995,605472000,513200000.0,524282000.0,25.949453184069903,25.577104409106095,-0.0030390205601064117,0.014557894005829757,-0.021137479448083283,428.8077848767867,430.6492802514605,434.35141193604545,-0.008523355934503275
464,2022-02-14,23.89206297353471,440424000,605472000.0,513200000.0,25.870592262319995,25.949453184069903,-0.07647792786201398,-0.0030390205601064117,0.17979734996102884,419.7528076605907,428.8077848767867,430.6492802514605,-0.004276090682419183
465,2022-02-15,24.905281665822947,699869000,440424000.0,605472000.0,23.89206297353471,25.870592262319995,0.04240817100685622,-0.07647792786201398,-0.27259394323767244,423.3882185652253,419.7528076605907,428.8077848767867,-0.02111663438852409
466,2022-02-16,26.212990752516394,732676000,699869000.0,440424000.0,24.905281665822947,23.89206297353471,0.05250729962584567,0.04240817100685622,0.5890800682978221,423.57903519420205,423.3882185652253,419.7528076605907,0.008660837612727046
467,2022-02-17,25.585093343558952,810595000,732676000.0,699869000.0,26.212990752516394,24.905281665822947,-0.023953673004564132,0.05250729962584567,0.04687591534987262,422.90156832540976,423.57903519420205,423.3882185652253,0.0004506895105002486
468,2022-02-18,24.624777788834088,761255000,810595000.0,732676000.0,25.585093343558952,26.212990752516394,-0.03753418218294772,-0.023953673004564132,0.10634850875421059,417.2815025662019,422.90156832540976,423.57903519420205,-0.0015993871568305777
469,2022-02-22,22.994642422849694,633422000,761255000.0,810595000.0,24.624777788834088,25.585093343558952,-0.06619898786349926,-0.03753418218294772,-0.06086886793034746,412.09094036729493,417.2815025662019,422.90156832540976,-0.013289299875292511
470,2022-02-23,23.76029414716043,566511000,633422000.0,761255000.0,22.994642422849694,24.624777788834088,0.03329696153700179,-0.06619898786349926,-0.16792402020347977,412.82564352727184,412.09094036729493,417.2815025662019,-0.01243899422089399
471,2022-02-24,20.978173997857397,735801000,566511000.0,633422000.0,23.76029414716043,22.994642422849694,-0.11709114929604192,0.03329696153700179,-0.10563415858621898,392.17763310705095,412.82564352727184,412.09094036729493,0.0017828665665934433
472,2022-02-25,23.679438620503394,528866000,735801000.0,566511000.0,20.978173997857397,23.76029414716043,0.1287654789650372,-0.11709114929604192,0.2988291489485641,409.9154884194575,392.17763310705095,412.82564352727184,-0.05001629802790303
473,2022-02-28,23.949960786293076,477319000,528866000.0,735801000.0,23.679438620503394,20.978173997857397,0.011424348783144049,0.1287654789650372,-0.28123772596123137,412.22454887589333,409.9154884194575,392.17763310705095,0.04522913551157249
474,2022-03-01,24.24843435974358,412056000,477319000.0,528866000.0,23.949960786293076,23.679438620503394,0.012462382553099016,0.011424348783144049,-0.0974670332371527,415.0965572822185,412.22454887589333,409.9154884194575,0.005633015881734639
475,2022-03-02,23.718417851383332,389642000,412056000.0,477319000.0,24.24843435974358,23.949960786293076,-0.021857762051646648,0.012462382553099016,-0.13672826767842888,412.54895149200513,415.0965572822185,412.22454887589333,0.006967096972164625
476,2022-03-03,24.2236146029454,365095000,389642000.0,412056000.0,23.718417851383332,24.24843435974358,0.021299766060601837,-0.021857762051646648,-0.05439551905566234,420.2776067398688,412.54895149200513,415.0965572822185,-0.006137381159924401
477,2022-03-04,23.347004684636605,431415000,365095000.0,389642000.0,24.2236146029454,23.718417851383332,-0.036188237497892066,0.021299766060601837,-0.06299885535953516,411.95736494911114,420.2776067398688,412.54895149200513,0.01873391077570939
478,2022-03-07,22.780902641587442,450821000,431415000.0,365095000.0,23.347004684636605,24.2236146029454,-0.02424730926711486,-0.036188237497892066,0.18165135101822813,411.7665290722913,411.95736494911114,420.2776067398688,-0.01979701430037765
479,2022-03-08,21.2752877029685,557467000,450821000.0,431415000.0,22.780902641587442,23.347004684636605,-0.0660911010554244,-0.02424730926711486,0.04498220970527218,400.38344336766914,411.7665290722913,411.95736494911114,-0.00046324181349062825
480,2022-03-09,22.351581700991208,492742000,557467000.0,450821000.0,21.2752877029685,22.780902641587442,0.0505889280111842,-0.0660911010554244,0.23655952140650058,405.6504491406804,400.38344336766914,411.7665290722913,-0.02764451430831011
481,2022-03-10,22.495354352227555,428066000,492742000.0,557467000.0,22.351581700991208,21.2752877029685,0.006432325602709856,0.0505889280111842,-0.11610552732269354,403.15043606102665,405.6504491406804,400.38344336766914,0.013154904030770815
482,2022-03-11,22.98557510333111,367209000,428066000.0,492742000.0,22.495354352227555,22.351581700991208,0.021792088420914957,0.006432325602709856,-0.13125733142293533,408.4937586660891,403.15043606102665,405.6504491406804,-0.006162973774464455
483,2022-03-14,21.834401952883447,385354000,367209000.0,428066000.0,22.98557510333111,22.495354352227555,-0.05008241670145703,0.021792088420914957,-0.14216732933706486,401.5951995347633,408.4937586660891,403.15043606102665,0.013253917463836248
484,2022-03-15,21.48395879599291,491996000,385354000.0,367209000.0,21.834401952883447,22.98557510333111,-0.01605004605332269,-0.05008241670145703,0.049413276907701066,400.52651939732397,401.5951995347633,408.4937586660891,-0.016887795676126357
485,2022-03-16,23.462818537379118,671422000,491996000.0,385354000.0,21.48395879599291,21.834401952883447,0.0921087105117376,-0.01605004605332269,0.2767377528194855,410.18269126217297,400.52651939732397,401.5951995347633,-0.00266108792803644
486,2022-03-17,24.081836507264637,471941000,671422000.0,491996000.0,23.462818537379118,21.48395879599291,0.02638293301801521,0.0921087105117376,0.3646899568289173,413.71299175062893,410.18269126217297,400.52651939732397,0.02410869542266198
487,2022-03-18,24.759767307709588,730719000,471941000.0,671422000.0,24.081836507264637,23.462818537379118,0.028151125444292567,0.02638293301801521,-0.2971022695115739,419.219203776238,413.71299175062893,410.18269126217297,0.008606653970680425
488,2022-03-21,26.465061754529117,591727000,730719000.0,471941000.0,24.759767307709588,24.081836507264637,0.06887360554024843,0.028151125444292567,0.5483270154532028,425.2873314813455,419.219203776238,413.71299175062893,0.013309255777319144
489,2022-03-22,26.6847145409987,547007000,591727000.0,730719000.0,26.465061754529117,24.759767307709588,0.008299726957258812,0.06887360554024843,-0.1902126535645029,426.7421215856696,425.2873314813455,419.219203776238,0.01447483237992709
490,2022-03-23,26.084663153944433,502120000,547007000.0,591727000.0,26.6847145409987,26.465061754529117,-0.022486708116451554,0.008299726957258812,-0.07557539203044647,427.74707865644325,426.7421215856696,425.2873314813455,0.003420722877535128
491,2022-03-24,26.12460269441279,877379000,502120000.0,547007000.0,26.084663153944433,26.6847145409987,0.0015311503251027093,-0.022486708116451554,-0.08205927894889828,426.818663352803,427.74707865644325,426.7421215856696,0.002354951667389787
492,2022-03-25,27.841882872392173,579016000,877379000.0,502120000.0,26.12460269441279,26.084663153944433,0.06573421223154731,0.0015311503251027093,0.7473492392256831,431.8148414455464,426.818663352803,427.74707865644325,-0.002170477251548731
493,2022-03-28,27.712085845046825,425494000,579016000.0,877379000.0,27.841882872392173,26.12460269441279,-0.004661934249930099,0.06573421223154731,-0.3400617065145165,432.6762829489136,431.8148414455464,426.818663352803,0.011705622367814781
494,2022-03-29,28.649600315235286,488984000,425494000.0,579016000.0,27.712085845046825,27.841882872392173,0.03383052706427832,-0.004661934249930099,-0.2651429321469528,440.29497432811587,432.6762829489136,431.8148414455464,0.001994932597692616
495,2022-03-30,28.25921951967007,463487000,488984000.0,425494000.0,28.649600315235286,27.712085845046825,-0.013626046830315498,0.03383052706427832,0.1492147950382379,440.60124955715315,440.29497432811587,432.6762829489136,0.01760829442112461
496,2022-03-31,27.738045847217542,523440000,463487000.0,488984000.0,28.25921951967007,28.649600315235286,-0.018442606742545005,-0.013626046830315498,-0.052142810398704255,438.25630031147745,440.60124955715315,440.29497432811587,0.0006956137291929225
497,2022-04-01,27.331689942170463,517235000,523440000.0,463487000.0,27.738045847217542,28.25921951967007,-0.01464976686841265,-0.018442606742545005,0.12935206381193,433.8727128523891,438.25630031147745,440.60124955715315,-0.0053221575018968
498,2022-04-04,26.685713274366496,397120000,517235000.0,523440000.0,27.331689942170463,27.738045847217542,-0.023634713739646263,-0.01464976686841265,-0.011854271740791686,433.70042403695504,433.8727128523891,438.25630031147745,-0.010002337572723641
499,2022-04-05,27.210879439377642,436615000,397120000.0,517235000.0,26.685713274366496,27.331689942170463,0.019679675023549233,-0.023634713739646263,-0.2322251974441018,435.70073957155597,433.70042403695504,433.8727128523891,-0.0003970953008346336
500,2022-04-06,24.894548078631423,703833000,436615000.0,397120000.0,27.210879439377642,26.685713274366496,-0.08512519288127782,0.019679675023549233,0.09945356567284448,427.727969245497,435.70073957155597,433.70042403695504,0.004612205623369382
501,2022-04-07,24.402331794404898,557992000,703833000.0,436615000.0,24.894548078631423,27.210879439377642,-0.019772051401448273,-0.08512519288127782,0.6120220331413259,426.4837351257975,427.727969245497,435.70073957155597,-0.0182987303025902
502,2022-04-08,23.879162026385522,524781000,557992000.0,703833000.0,24.402331794404898,24.894548078631423,-0.021439335077778537,-0.019772051401448273,-0.20720966479264258,428.7616573999894,426.4837351257975,427.727969245497,-0.0029089379445872074
503,2022-04-11,22.178855209001213,575207000,524781000.0,557992000.0,23.879162026385522,24.402331794404898,-0.07120462667431704,-0.021439335077778537,-0.05951877446271631,425.0671659951493,428.7616573999894,426.4837351257975,0.005341170334479434
504,2022-04-12,22.501344972589628,662258000,575207000.0,524781000.0,22.178855209001213,23.879162026385522,0.014540415208515062,-0.07120462667431704,0.09608960690268893,424.08135581497214,425.0671659951493,428.7616573999894,-0.008616655293394242
505,2022-04-13,21.693626368608857,516943000,662258000.0,575207000.0,22.501344972589628,22.178855209001213,-0.035896458854557625,0.014540415208515062,0.15133856159608627,419.2478833585638,424.08135581497214,425.0671659951493,-0.0023191868463169367
506,2022-04-14,22.469391984943567,569097000,516943000.0,662258000.0,21.693626368608857,22.501344972589628,0.035760070868430686,-0.035896458854557625,-0.2194235479224109,424.53118791252734,419.2478833585638,424.08135581497214,-0.011397512270068298
507,2022-04-18,21.166461128057538,525701000,569097000.0,516943000.0,22.469391984943567,21.693626368608857,-0.05798692095269444,0.035760070868430686,0.10088926632143196,418.080165440626,424.53118791252734,419.2478833585638,0.012601863393177764
508,2022-04-19,21.685637426012697,512781000,525701000.0,569097000.0,21.166461128057538,22.469391984943567,0.02452825225785886,-0.05798692095269444,-0.07625413593816169,419.0851221954901,418.080165440626,424.53118791252734,-0.015195638519803064
509,2022-04-20,22.48137366262457,468974000,512781000.0,525701000.0,21.685637426012697,21.166461128057538,0.0366941594097372,0.02452825225785886,-0.02457670805267633,427.75670829592406,419.0851221954901,418.080165440626,0.0024037417651826647
510,2022-04-21,21.67465447269553,656209000,468974000.0,512781000.0,22.48137366262457,21.685637426012697,-0.03588389224054474,0.0366941594097372,-0.08543023239940638,429.3072231830381,427.75670829592406,419.0851221954901,0.020691705911690495
511,2022-04-22,20.27087658209677,624713000,656209000.0,468974000.0,21.67465447269553,22.48137366262457,-0.06476587169438658,-0.03588389224054474,0.39924388132391136,418.1758766624438,429.3072231830381,427.75670829592406,0.003624758787047226
512,2022-04-25,19.171616928153874,641566000,624713000.0,656209000.0,20.27087658209677,21.67465447269553,-0.05422852087776807,-0.06476587169438658,-0.04799690342558545,405.5036744107504,418.1758766624438,429.3072231830381,-0.02592862621332694
513,2022-04-26,19.68680695767926,653143000,641566000.0,624713000.0,19.171616928153874,20.27087658209677,0.026872539309338025,-0.05422852087776807,0.02697718792469502,407.5709502647388,405.5036744107504,418.1758766624438,-0.030303522892886778
514,2022-04-27,18.568577222764382,499460000,653143000.0,641566000.0,19.68680695767926,19.171616928153874,-0.05680097017859402,0.026872539309338025,0.01804490886362432,399.3493087676611,407.5709502647388,405.5036744107504,0.00509804468971194
515,2022-04-28,18.936992635336562,570327000,499460000.0,653143000.0,18.568577222764382,19.68680695767926,0.019840799225075582,-0.05680097017859402,-0.23529763007488405,404.18279547184125,399.3493087676611,407.5709502647388,-0.020172295134717827
516,2022-04-29,19.371307102135845,500435000,570327000.0,499460000.0,18.936992635336562,18.568577222764382,0.022934711712822266,0.019840799225075582,0.14188723821727467,405.42704835983704,404.18279547184125,399.3493087676611,0.012103405710393313
517,2022-05-02,18.511665122150422,572049000,500435000.0,570327000.0,19.371307102135845,18.936992635336562,-0.044377076645005537,0.022934711712822266,-0.12254724044276354,394.4010364747816,405.42704835983704,404.18279547184125,0.003078440997329596
518,2022-05-03,19.36930950082889,475751000,572049000.0,500435000.0,18.511665122150422,19.371307102135845,0.04632994239141896,-0.044377076645005537,0.14310349995503913,397.21496295046654,394.4010364747816,405.42704835983704,-0.027196044096370404
519,2022-05-04,19.891481213837118,648855000,475751000.0,572049000.0,19.36930950082889,18.511665122150422,0.026958715951432396,0.04632994239141896,-0.16833872622799795,399.1961812007349,397.21496295046654,394.4010364747816,0.007134683267661362
520,2022-05-05,19.83556828731373,626331000,648855000.0,475751000.0,19.891481213837118,19.36930950082889,-0.0028108980885994733,0.026958715951432396,0.3638542010421418,406.3458807923875,399.1961812007349,397.21496295046654,0.004987773460375417
521,2022-05-06,18.706356810624374,633297000,626331000.0,648855000.0,19.83556828731373,19.891481213837118,-0.056928617336946576,-0.0028108980885994733,-0.03471345678156137,393.4726317431385,406.3458807923875,399.1961812007349,0.017910240449062337
522,2022-05-09,18.00546803272832,644455000,633297000.0,626331000.0,18.706356810624374,19.83556828731373,-0.03746794659118128,-0.056928617336946576,0.011121914770305158,387.7298902809223,393.4726317431385,406.3458807923875,-0.03168052060512035
523,2022-05-10,17.661014619319474,761474000,644455000.0,633297000.0,18.00546803272832,18.706356810624374,-0.019130489292626975,-0.03746794659118128,0.017618905505631638,387.14605014162754,387.7298902809223,393.4726317431385,-0.014595021353264287
524,2022-05-11,17.319557792682115,670167000,761474000.0,644455000.0,17.661014619319474,18.00546803272832,-0.01933393035436578,-0.019130489292626975,0.1815782327703253,381.0012856737671,387.14605014162754,387.7298902809223,-0.001505790897038503
525,2022-05-12,16.193337438966932,708728000,670167000.0,761474000.0,17.319557792682115,17.661014619319474,-0.06502593006104554,-0.01933393035436578,-0.11990823061588446,372.67437691389415,381.0012856737671,387.14605014162754,-0.015871954435832548
526,2022-05-13,16.76143927351917,670437000,708728000.0,670167000.0,16.193337438966932,17.319557792682115,0.035082442806705326,-0.06502593006104554,0.0575393894357675,379.6996244254463,372.67437691389415,381.0012856737671,-0.021855329819025503
527,2022-05-16,17.481299931962116,521446000,670437000.0,708728000.0,16.76143927351917,16.193337438966932,0.04294742514028795,0.035082442806705326,-0.05402777934553171,382.8294230505305,379.6996244254463,372.67437691389415,0.018850900267756602
528,2022-05-17,18.045409055792337,585830000,521446000.0,670437000.0,17.481299931962116,16.76143927351917,0.032269289241976,0.04294742514028795,-0.22222968004450827,389.0985730780979,382.8294230505305,379.6996244254463,0.008242827813749269
529,2022-05-18,17.676990169187597,545161000,585830000.0,521446000.0,18.045409055792337,17.481299931962116,-0.02041621142893862,0.032269289241976,0.12347203737299739,386.19846262612856,389.0985730780979,382.8294230505305,0.016375831245185924
530,2022-05-19,16.91020226237054,621310000,545161000.0,585830000.0,17.676990169187597,18.045409055792337,-0.043377741316710704,-0.02041621142893862,-0.06942116313606336,371.9564891117317,386.19846262612856,389.0985730780979,-0.007453408088924665
531,2022-05-20,17.30458229549473,739105000,621310000.0,545161000.0,16.91020226237054,17.676990169187597,0.023322017501930446,-0.043377741316710704,0.13968167201982534,376.3880233878545,371.9564891117317,386.19846262612856,-0.03687734388571158
532,2022-05-23,16.24825212947614,639889000,739105000.0,621310000.0,17.30458229549473,16.91020226237054,-0.06104337845205353,0.023322017501930446,0.18959134731454508,375.9859523755829,376.3880233878545,371.9564891117317,0.011914120080834598
533,2022-05-24,16.483880450468337,588550000,639889000.0,739105000.0,16.24825212947614,17.30458229549473,0.014501764196823504,-0.06104337845205353,-0.13423803113224778,375.72756154107805,375.9859523755829,376.3880233878545,-0.0010682354041252255
534,2022-05-25,15.994657656215809,781132000,588550000.0,639889000.0,16.483880450468337,16.24825212947614,-0.029678860855765838,0.014501764196823504,-0.08023110258185404,375.48826722741353,375.72756154107805,375.9859523755829,-0.0006872353418319291
535,2022-05-26,16.01063041716501,996575000,781132000.0,588550000.0,15.994657656215809,16.483880450468337,0.0009986309987069133,-0.029678860855765838,0.32721434032792457,381.5755466547189,375.48826722741353,375.72756154107805,-0.0006368825131779797
536,2022-05-27,18.15722925835725,738379000,996575000.0,781132000.0,16.01063041716501,15.994657656215809,0.13407334909753896,0.0009986309987069133,0.2758086981457679,390.4194058019488,381.5755466547189,375.48826722741353,0.0162116368435518
537,2022-05-31,18.949971241226027,664100000,738379000.0,996575000.0,18.15722925835725,16.01063041716501,0.04365985424256841,0.13407334909753896,-0.2590833605097459,395.817470544094,390.4194058019488,381.5755466547189,0.023177216739291146
538,2022-06-01,18.694377690643833,544514000,664100000.0,738379000.0,18.949971241226027,18.15722925835725,-0.013487806779682364,0.04365985424256841,-0.10059738968740985,397.36809742408747,395.817470544094,390.4194058019488,0.01382632282598045
539,2022-06-02,18.26306021117362,648656000,544514000.0,664100000.0,18.694377690643833,18.949971241226027,-0.023072042654090522,-0.013487806779682364,-0.18007227827134467,391.86460123500865,397.36809742408747,395.817470544094,0.003917530163238979
540,2022-06-03,19.051810692697362,598779000,648656000.0,544514000.0,18.26306021117362,18.694377690643833,0.04318829771152878,-0.023072042654090522,0.19125679045901484,394.71684671616225,391.86460123500865,397.36809742408747,-0.013849869239012564
541,2022-06-06,19.10871922629009,422406000,598779000.0,648656000.0,19.051810692697362,18.26306021117362,0.002987040681363811,0.04318829771152878,-0.07689283688118201,396.99484047691567,394.71684671616225,391.86460123500865,0.00727865051388772
542,2022-06-07,18.442773083805278,388914000,422406000.0,598779000.0,19.10871922629009,19.051810692697362,-0.034850380844394506,0.002987040681363811,-0.29455441824112066,390.60121310442196,396.99484047691567,394.71684671616225,0.005771209867795446
543,2022-06-08,18.773222822485945,363252000,388914000.0,422406000.0,18.442773083805278,19.10871922629009,0.01791757330522256,-0.034850380844394506,-0.07928864646808995,396.1812541950544,390.60121310442196,396.99484047691567,-0.01610506414847345
544,2022-06-09,18.455665170383455,395574000,363252000.0,388914000.0,18.773222822485945,18.442773083805278,-0.016915457463282758,0.01791757330522256,-0.06598373933568862,391.78805965195056,396.1812541950544,390.60121310442196,0.014285775116475894
545,2022-06-10,17.575870567979027,465248000,395574000.0,363252000.0,18.455665170383455,18.773222822485945,-0.047670706760343094,-0.016915457463282758,0.0889795513858148,377.9481000116766,391.78805965195056,396.1812541950544,-0.011088850107332227
546,2022-06-13,15.978064089326375,604153000,465248000.0,395574000.0,17.575870567979027,18.455665170383455,-0.09090909451527537,-0.047670706760343094,0.17613392184521734,363.5625769518316,377.9481000116766,391.78805965195056,-0.03532511851578334
547,2022-06-14,15.709432554065721,469680000,604153000.0,465248000.0,15.978064089326375,17.575870567979027,-0.016812520825980733,-0.09090909451527537,0.2985611974688768,360.6912524343214,363.5625769518316,377.9481000116766,-0.038062165306296226
548,2022-06-15,16.072932305621386,563936000,469680000.0,604153000.0,15.709432554065721,15.978064089326375,0.023138948546017873,-0.016812520825980733,-0.22258103493651443,361.17936142843547,360.6912524343214,363.5625769518316,-0.007897744981300968
549,2022-06-16,15.838256529245285,545749000,563936000.0,469680000.0,16.072932305621386,15.709432554065721,-0.01460068218504376,0.023138948546017873,0.20068131493783,354.62296965605566,361.17936142843547,360.6912524343214,0.0013532598609469278
550,2022-06-17,15.626546404282076,630334000,545749000.0,563936000.0,15.838256529245285,16.072932305621386,-0.013367009466748288,-0.01460068218504376,-0.032250113488055385,351.3486729957233,354.62296965605566,361.17936142843547,-0.01815273094910464
551,2022-06-21,16.452412438369816,483089000,630334000.0,545749000.0,15.626546404282076,15.838256529245285,0.05285019560441274,-0.013367009466748288,0.15498883186226636,357.4814519643187,351.3486729957233,354.62296965605566,-0.00923317703731393
552,2022-06-22,16.20375313433491,437135000,483089000.0,630334000.0,16.452412438369816,15.626546404282076,-0.015113850626245547,0.05285019560441274,-0.23359837800277314,356.2606594938497,357.4814519643187,351.3486729957233,0.01745496550849376
553,2022-06-23,16.496352545413853,463680000,437135000.0,483089000.0,16.20375313433491,16.452412438369816,0.018057508569353575,-0.015113850626245547,-0.0951253288731476,362.0474171549332,356.2606594938497,357.4814519643187,-0.003414981291367414
554,2022-06-24,16.477376935581376,472153000,463680000.0,437135000.0,16.496352545413853,16.20375313433491,-0.0011502912404568217,0.018057508569353575,0.06072494767062807,366.622951100811,362.0474171549332,356.2606594938497,0.01624304426232453
555,2022-06-27,17.288264381866544,427968000,472153000.0,463680000.0,16.477376935581376,16.496352545413853,0.04921216826290667,-0.0011502912404568217,0.018273378191856454,375.89907439956477,366.622951100811,362.0474171549332,0.012637941134433662
556,2022-06-28,16.876831420194417,461149000,427968000.0,472153000.0,17.288264381866544,16.477376935581376,-0.023798395986104514,0.04921216826290667,-0.09358195330750838,375.1108861742609,375.89907439956477,366.622951100811,0.025301534644521166
557,2022-06-29,15.79231830404367,482352000,461149000.0,427968000.0,16.876831420194417,17.288264381866544,-0.06426046982095492,-0.023798395986104514,0.07753149768206968,366.45950500505705,375.1108861742609,375.89907439956477,-0.0020968081035125756
558,2022-06-30,15.339939689323622,686070000,482352000.0,461149000.0,15.79231830404367,16.876831420194417,-0.028645484849695292,-0.06426046982095492,0.045978631635328275,361.66288077825345,366.45950500505705,375.1108861742609,-0.02306352998026498
559,2022-07-01,14.878571907888004,577610000,686070000.0,482352000.0,15.339939689323622,15.79231830404367,-0.03007624480797164,-0.028645484849695292,0.4223430192058911,361.9705068302307,361.66288077825345,366.45950500505705,-0.013089097598211865
560,2022-07-05,14.15556645659554,651397000,577610000.0,686070000.0,14.878571907888004,15.339939689323622,-0.0485937397600072,-0.03007624480797164,-0.1580888247554914,361.31686259425834,361.9705068302307,361.66288077825345,0.0008505878494228626
561,2022-07-06,14.989419487557397,529066000,651397000.0,577610000.0,14.15556645659554,14.878571907888004,0.058906369696942594,-0.0485937397600072,0.12774536451931234,367.3054603975696,361.31686259425834,361.9705068302307,-0.0018057941838861846
562,2022-07-07,15.434808686703755,492903000,529066000.0,651397000.0,14.989419487557397,14.15556645659554,0.029713572264494482,0.058906369696942594,-0.18779791739906693,370.19888945267854,367.3054603975696,361.31686259425834,0.016574365669825352
563,2022-07-08,15.408843612481327,467972000,492903000.0,529066000.0,15.434808686703755,14.989419487557397,-0.0016822414031471562,0.029713572264494482,-0.06835253068615257,372.2656072677405,370.19888945267854,367.3054603975696,0.007877446341192673
564,2022-07-11,15.504712392374874,437321000,467972000.0,492903000.0,15.408843612481327,15.434808686703755,0.006221672586506864,-0.0016822414031471562,-0.05057993154839796,370.90061373257436,372.2656072677405,370.19888945267854,0.0055827228928685
565,2022-07-12,15.247066109475627,458483000,437321000.0,467972000.0,15.504712392374874,15.408843612481327,-0.01661728875576921,0.006221672586506864,-0.06549750839793834,368.7857911900567,370.90061373257436,372.2656072677405,-0.00366671942966899
566,2022-07-13,14.569995180241131,521918000,458483000.0,437321000.0,15.247066109475627,15.504712392374874,-0.04440663694726918,-0.01661728875576921,0.04839008417158106,360.5671218804846,368.7857911900567,370.90061373257436,-0.005701857759778344
567,2022-07-14,15.087285563609488,456235000,521918000.0,458483000.0,14.569995180241131,15.247066109475627,0.03550381293673122,-0.04440663694726918,0.138358456038719,359.1348010423068,360.5671218804846,368.7857911900567,-0.022285753697426424
568,2022-07-15,15.637532300377915,385935000,456235000.0,521918000.0,15.087285563609488,14.569995180241131,0.03647089030352959,0.03550381293673122,-0.1258492713414751,367.7284393996011,359.1348010423068,360.5671218804846,-0.003972411102564643
569,2022-07-18,16.27964687548833,670517000,385935000.0,456235000.0,15.637532300377915,15.087285563609488,0.04106239800348139,0.03647089030352959,-0.15408725766326564,373.33254024846696,367.7284393996011,359.1348010423068,0.023928726295400046
570,2022-07-19,16.463397441175893,702366000,670517000.0,385935000.0,16.27964687548833,15.637532300377915,0.011287134610040635,0.04106239800348139,0.7373832381100445,371.1216920937071,373.33254024846696,367.7284393996011,0.015239780904669263
571,2022-07-20,16.92376553145508,760538000,702366000.0,670517000.0,16.463397441175893,16.27964687548833,0.02796312801923733,0.011287134610040635,0.047499168552027765,377.26412912181934,371.1216920937071,373.33254024846696,-0.005921927280403795
572,2022-07-21,17.86048049580398,557049000,760538000.0,702366000.0,16.92376553145508,16.463397441175893,0.05534908662069866,0.02796312801923733,0.08282291568783227,378.8886140640054,377.26412912181934,371.1216920937071,0.016551005125729164
573,2022-07-22,17.868468104985222,536671000,557049000.0,760538000.0,17.86048049580398,16.92376553145508,0.00044722252478699326,0.05534908662069866,-0.26755928040413496,383.464219324932,378.8886140640054,377.26412912181934,0.004305961836253817
574,2022-07-25,16.995663824282083,480748000,536671000.0,557049000.0,17.868468104985222,17.86048049580398,-0.04884606086962938,0.00044722252478699326,-0.03658206010602299,380.41700705166886,383.464219324932,378.8886140640054,0.012076386281044658
575,2022-07-26,16.86584882600745,397865000,480748000.0,536671000.0,16.995663824282083,17.868468104985222,-0.007638124619125663,-0.04884606086962938,-0.10420350643131453,378.5809566033925,380.41700705166886,383.464219324932,-0.007946536129570561
576,2022-07-27,17.00864767966369,569776000,397865000.0,480748000.0,16.86584882600745,16.995663824282083,0.008466745737459692,-0.007638124619125663,-0.1724042533718289,379.08083346522193,378.5809566033925,380.41700705166886,-0.004826415260732488
577,2022-07-28,17.950354516867552,474646000,569776000.0,397865000.0,17.00864767966369,16.86584882600745,0.055366355687983995,0.008466745737459692,0.43208374699961044,386.31914611595874,379.08083346522193,378.5809566033925,0.0013203962140998543
578,2022-07-29,17.788577248891293,435460000,474646000.0,569776000.0,17.950354516867552,17.00864767966369,-0.009012483169858304,0.055366355687983995,-0.16696034933026313,391.7886595530168,386.31914611595874,379.08083346522193,0.01909437779950666
579,2022-08-01,18.15707426114267,476469000,435460000.0,474646000.0,17.788577248891293,17.950354516867552,0.020715372966342516,-0.009012483169858304,-0.08255836981666337,393.2978117735427,391.7886595530168,386.31914611595874,0.014158018032625121
580,2022-08-02,18.09715721562482,489527000,476469000.0,435460000.0,18.15707426114267,17.788577248891293,-0.0032999284276806337,0.020715372966342516,0.09417397694392136,393.26902048939,393.2978117735427,391.7886595530168,0.0038519548326070747
581,2022-08-03,18.159068404484795,418146000,489527000.0,476469000.0,18.09715721562482,18.15707426114267,0.0034210449808395106,-0.0032999284276806337,0.02740577036491356,394.40331187270203,393.26902048939,393.2978117735427,-7.320479110440846e-05
582,2022-08-04,18.823158426576263,409652000,418146000.0,489527000.0,18.159068404484795,18.09715721562482,0.036570709867883744,0.0034210449808395106,-0.14581626753989055,398.31555508915756,394.40331187270203,393.26902048939,0.002884263250383893
583,2022-08-05,18.784209580373243,386068000,409652000.0,418146000.0,18.823158426576263,18.159068404484795,-0.002069198235511237,0.036570709867883744,-0.02031347902407293,393.78805717748776,398.31555508915756,394.40331187270203,0.009919397476353448
584,2022-08-08,17.47800479146066,981859000,386068000.0,409652000.0,18.784209580373243,18.823158426576263,-0.06953738369046827,-0.002069198235511237,-0.05757081620497398,399.1615224827634,393.78805717748776,398.31555508915756,-0.011366610853689554
585,2022-08-09,17.22834908101904,668263000,981859000.0,386068000.0,17.47800479146066,18.784209580373243,-0.014283993706398051,-0.06953738369046827,1.5432281359760456,396.248916129781,399.1615224827634,393.78805717748776,0.013645577125397015
586,2022-08-10,17.673732457522053,597422000,668263000.0,981859000.0,17.22834908101904,17.47800479146066,0.02585177340025602,-0.014283993706398051,-0.31939005498752876,402.55475353934486,396.248916129781,399.1615224827634,-0.007296811413249904
587,2022-08-11,18.10614231673798,509327000,597422000.0,668263000.0,17.673732457522053,17.22834908101904,0.0244662444820415,0.02585177340025602,-0.10600766464700276,406.601632754068,402.55475353934486,396.248916129781,0.015913828790129904
588,2022-08-12,18.13510064991279,478094000,509327000.0,597422000.0,18.10614231673798,17.673732457522053,0.001599365158421385,0.0244662444820415,-0.1474585803669768,405.6787940975179,406.601632754068,402.55475353934486,0.010052990752542757
589,2022-08-15,18.67535960434154,457666000,478094000.0,509327000.0,18.13510064991279,18.10614231673798,0.029790788860681008,0.001599365158421385,-0.061322097591527645,408.3126382230223,405.6787940975179,406.601632754068,-0.002269638344291445
590,2022-08-16,18.89405732170468,451240000,457666000.0,478094000.0,18.67535960434154,18.13510064991279,0.011710495647553516,0.029790788860681008,-0.042727999096412006,411.1579909895095,408.3126382230223,405.6787940975179,0.006492437277535625
591,2022-08-17,18.497606022739234,446799000,451240000.0,457666000.0,18.89405732170468,18.67535960434154,-0.02098285679010929,0.011710495647553516,-0.014040807051430518,409.4084920535471,411.1579909895095,408.3126382230223,0.006968564036788591
592,2022-08-18,18.275911803660716,415447000,446799000.0,451240000.0,18.497606022739234,18.89405732170468,-0.01198502221346849,-0.02098285679010929,-0.009841769346689124,410.3216459201027,409.4084920535471,411.1579909895095,-0.0042550527395856285
593,2022-08-19,18.380767165882073,441588000,415447000.0,446799000.0,18.275911803660716,18.497606022739234,0.005737353263017754,-0.01198502221346849,-0.07017025552877244,408.51457035254026,410.3216459201027,409.4084920535471,0.002230422388102714
594,2022-08-22,17.466021020329865,409593000,441588000.0,415447000.0,18.380767165882073,18.275911803660716,-0.04976648348226384,0.005737353263017754,0.06292258699665661,400.89174258771743,408.51457035254026,410.3216459201027,-0.004404046400014458
595,2022-08-23,16.965709688839496,369986000,409593000.0,441588000.0,17.466021020329865,18.380767165882073,-0.028644837362100026,-0.04976648348226384,-0.07245441452213375,396.9025498533495,400.89174258771743,408.51457035254026,-0.018659867525029707
596,2022-08-24,16.98867785339594,522661000,369986000.0,409593000.0,16.965709688839496,17.466021020329865,0.0013537992207631928,-0.028644837362100026,-0.09669842990480794,396.14323576699917,396.9025498533495,400.89174258771743,-0.009950797960112785
597,2022-08-25,16.820904665261263,770691000,522661000.0,369986000.0,16.98867785339594,16.965709688839496,-0.009875588293714162,0.0013537992207631928,0.41265074894725745,399.1518882821356,396.14323576699917,396.9025498533495,-0.001913099542018313
598,2022-08-26,17.832515616356623,769127000,770691000.0,522661000.0,16.820904665261263,16.98867785339594,0.06014010371181469,-0.009875588293714162,0.4745523388965314,403.1411279849289,399.1518882821356,396.14323576699917,0.007594860251270394
599,2022-08-29,15.998036535008664,496132000,769127000.0,770691000.0,17.832515616356623,16.820904665261263,-0.102872702921696,0.06014010371181469,-0.002029347689281437,386.61712355834385,403.1411279849289,399.1518882821356,0.00999428994301433
600,2022-08-30,15.938118643658612,530181000,496132000.0,769127000.0,15.998036535008664,17.832515616356623,-0.0037453278231321116,-0.102872702921696,-0.3549413815923768,388.20323612757954,386.61712355834385,403.1411279849289,-0.04098813859349722
601,2022-08-31,15.362907485409101,573710000,530181000.0,496132000.0,15.938118643658612,15.998036535008664,-0.0360902796063934,-0.0037453278231321116,0.06862891327308056,384.4350448752678,388.20323612757954,386.61712355834385,0.004102540918615926
602,2022-09-01,14.18951792804557,1178865000,573710000.0,530181000.0,15.362907485409101,15.938118643658612,-0.07637809174324305,-0.0360902796063934,0.08210215002046471,377.66783361918215,384.4350448752678,388.20323612757954,-0.009706748686333349
603,2022-09-02,14.080668193345614,743157000,1178865000.0,573710000.0,14.18951792804557,15.362907485409101,-0.007671136909085113,-0.07637809174324305,1.054809921388855,384.7715048034439,377.66783361918215,384.4350448752678,-0.017603003020396645
604,2022-09-06,13.712174991904128,535751000,743157000.0,1178865000.0,14.080668193345614,14.18951792804557,-0.02617015019327228,-0.007671136909085113,-0.36959957247013014,377.8985330960032,384.7715048034439,377.66783361918215,0.018809309535809428
605,2022-09-07,13.548429577340283,512657000,535751000.0,743157000.0,13.712174991904128,14.080668193345614,-0.011941607707057617,-0.02617015019327228,-0.27908772977984464,375.30314082495886,377.8985330960032,384.7715048034439,-0.017862475837319914
606,2022-09-08,13.444541114584974,624873000,512657000.0,535751000.0,13.548429577340283,13.712174991904128,-0.007667933922693326,-0.011941607707057617,-0.0431058458127003,380.0709575312253,375.30314082495886,377.8985330960032,-0.006867960692467075
607,2022-09-09,14.141791420251705,486612000,624873000.0,512657000.0,13.444541114584974,13.548429577340283,0.0518612200836172,-0.007667933922693326,0.21889099339324344,387.13618619513227,380.0709575312253,375.30314082495886,0.012703908354686941
608,2022-09-12,14.353564448703244,484159000,486612000.0,624873000.0,14.141791420251705,13.444541114584974,0.014974978922986378,0.0518612200836172,-0.22126256055230423,392.94211931596345,387.13618619513227,380.0709575312253,0.01858923583585444
609,2022-09-13,13.78717243345947,714956000,484159000.0,486612000.0,14.353564448703244,14.141791420251705,-0.039460025227040015,0.014974978922986378,-0.005040977205658718,386.26143494700773,392.94211931596345,387.13618619513227,0.014997133638922506
610,2022-09-14,13.239760454812524,588507000,714956000.0,484159000.0,13.78717243345947,14.353564448703244,-0.03970444130505364,-0.039460025227040015,0.47669670500806555,379.18664701939434,386.26143494700773,392.94211931596345,-0.017001700862675422
611,2022-09-15,13.001018642377574,523625000,588507000.0,714956000.0,13.239760454812524,13.78717243345947,-0.01803218519321248,-0.03970444130505364,-0.1768626321060317,377.7350900428589,379.18664701939434,386.26143494700773,-0.018316060801109993
612,2022-09-16,12.72831029894144,670751000,523625000.0,588507000.0,13.001018642377574,13.239760454812524,-0.02097592126721715,-0.01803218519321248,-0.1102484762288299,370.7737130582449,377.7350900428589,379.18664701939434,-0.0038280804135521897
613,2022-09-19,12.9980209443721,569685000,670751000.0,523625000.0,12.72831029894144,13.001018642377574,0.02118982324410275,-0.02097592126721715,0.2809758892337073,368.95909705113775,370.7737130582449,377.7350900428589,-0.01842925682076329
614,2022-09-20,13.200802865242403,524818000,569685000.0,670751000.0,12.9980209443721,12.72831029894144,0.015600984314316198,0.02118982324410275,-0.15067588419547642,371.6616829950661,368.95909705113775,370.7737130582449,-0.004894133384321329
615,2022-09-21,13.19880492501757,807679000,524818000.0,569685000.0,13.200802865242403,12.9980209443721,-0.00015134990236804439,0.015600984314316198,-0.07875755900190456,372.67509998902653,371.6616829950661,368.95909705113775,0.0073248930993393075
616,2022-09-22,13.055959368568894,759162000,807679000.0,524818000.0,13.19880492501757,13.200802865242403,-0.010822612900196711,-0.00015134990236804439,0.5389696999721808,363.4766904576762,372.67509998902653,371.6616829950661,0.002726719057487293
617,2022-09-23,12.406658300315856,663309000,759162000.0,807679000.0,13.055959368568894,13.19880492501757,-0.04973216061135845,-0.010822612900196711,-0.06006965638576712,357.68549697041243,363.4766904576762,372.67509998902653,-0.024682114613026617
618,2022-09-26,12.477580763382052,547343000,663309000.0,759162000.0,12.406658300315856,13.055959368568894,0.005716483951556145,-0.04973216061135845,-0.12626158843566987,353.66060243681915,357.68549697041243,363.4766904576762,-0.015932778192658637
619,2022-09-27,12.493563757903228,553854000,547343000.0,663309000.0,12.477580763382052,12.406658300315856,0.0012809369720195344,0.005716483951556145,-0.17482952892241777,355.2145566019714,353.66060243681915,357.68549697041243,-0.011252607577561973
620,2022-09-28,12.396668635349345,542414000,553854000.0,547343000.0,12.493563757903228,12.477580763382052,-0.007755603159473944,0.0012809369720195344,0.01189564861521934,351.70120549927145,355.2145566019714,353.66060243681915,0.004393913697044861
621,2022-09-29,12.434627698749594,532763000,542414000.0,553854000.0,12.396668635349345,12.493563757903228,0.0030620374325412178,-0.007755603159473944,-0.020655262939330583,354.04667660618315,351.70120549927145,355.2145566019714,-0.009890785829018789
622,2022-09-30,12.074014262996702,565638000,532763000.0,542414000.0,12.434627698749594,12.396668635349345,-0.029000742482153688,0.0030620374325412178,-0.01779268234226993,349.21097962122457,354.04667660618315,351.70120549927145,0.0066689310990051785
623,2022-10-03,12.333734406187611,547478000,565638000.0,532763000.0,12.074014262996702,12.434627698749594,0.021510670563548634,-0.029000742482153688,0.06170661250875155,348.51599742018004,349.21097962122457,354.04667660618315,-0.013658360053856629
624,2022-10-04,12.865164202159265,584182000,547478000.0,565638000.0,12.333734406187611,12.074014262996702,0.04308750119550534,0.021510670563548634,-0.032105339457391475,359.4421630441656,348.51599742018004,349.21097962122457,-0.0019901499139527183
625,2022-10-05,12.897131588535265,507131000,584182000.0,547478000.0,12.865164202159265,12.333734406187611,0.0024848020494471533,0.04308750119550534,0.06704196333003336,360.3977246243655,359.4421630441656,348.51599742018004,0.031350542600237404
626,2022-10-06,13.205798741632973,644157000,507131000.0,584182000.0,12.897131588535265,12.865164202159265,0.023933007969934503,0.0024848020494471533,-0.13189553940381593,362.5501340210394,360.3977246243655,359.4421630441656,0.0026584571273082485
627,2022-10-07,12.491565435321453,672478000,644157000.0,507131000.0,13.205798741632973,12.897131588535265,-0.054084824423365485,0.023933007969934503,0.27019842999146176,356.13152195695596,362.5501340210394,360.3977246243655,0.005972316831126889
628,2022-10-10,12.02407138565777,698699000,672478000.0,644157000.0,12.491565435321453,13.205798741632973,-0.037424776909208333,-0.054084824423365485,0.04396598965780082,351.2958280787651,356.13152195695596,362.5501340210394,-0.017704067553071058
629,2022-10-11,11.548580323969118,667482000,698699000.0,672478000.0,12.02407138565777,12.491565435321453,-0.03954493003557969,-0.037424776909208333,0.03899161013445793,345.7748996817096,351.2958280787651,356.13152195695596,-0.013578393318340749
630,2022-10-12,11.566560749292124,492590000,667482000.0,698699000.0,11.548580323969118,12.02407138565777,0.0015569381533146777,-0.03954493003557969,-0.04467875293939164,345.707314902231,345.7748996817096,351.2958280787651,-0.015715895139573503
631,2022-10-13,10.959214240194914,850103000,492590000.0,667482000.0,11.566560749292124,11.548580323969118,-0.052508824555681344,0.0015569381533146777,-0.2620175525332518,337.05909274843236,345.707314902231,345.7748996817096,-0.00019545889404000186
632,2022-10-14,12.044048399893033,713432000,850103000.0,492590000.0,10.959214240194914,11.566560749292124,0.09898831576074968,-0.052508824555681344,0.7257820905824316,355.7261444732106,337.05909274843236,345.707314902231,-0.02501602303741952
633,2022-10-17,11.505627391689845,580774000,713432000.0,850103000.0,12.044048399893033,10.959214240194914,-0.0447043211988395,0.09898831576074968,-0.16076993023198366,351.34417362340594,355.7261444732106,337.05909274843236,0.055382133656636204
634,2022-10-18,12.330739341420681,659362000,580774000.0,713432000.0,11.505627391689845,12.044048399893033,0.07171377289054123,-0.0447043211988395,-0.18594343959900875,362.0771878318647,351.34417362340594,355.7261444732106,-0.012318382884940434
635,2022-10-19,11.866239297114978,523131000,659362000.0,580774000.0,12.330739341420681,11.505627391689845,-0.0376700886657609,0.07171377289054123,0.13531597488868302,356.15079722208765,362.0771878318647,351.34417362340594,0.030548433741676696
636,2022-10-20,12.099986314694126,652398000,523131000.0,659362000.0,11.866239297114978,12.330739341420681,0.019698491807423658,-0.0376700886657609,-0.20661032937900575,355.2242353031429,356.15079722208765,362.0771878318647,-0.016367754746617884
637,2022-10-21,12.08500154788342,609494000,652398000.0,523131000.0,12.099986314694126,11.866239297114978,-0.0012384118808885204,0.019698491807423658,0.24710254219306446,352.4155095627723,355.2242353031429,356.15079722208765,-0.0026016000137350777
638,2022-10-24,12.494564531558703,517457000,609494000.0,652398000.0,12.08500154788342,12.099986314694126,0.033890188764354276,-0.0012384118808885204,-0.0657635369820263,362.81072125858736,352.4155095627723,355.2242353031429,-0.007906909104818526
639,2022-10-25,12.680362458755884,505482000,517457000.0,609494000.0,12.494564531558703,12.08500154788342,0.014870300339631121,0.033890188764354276,-0.15100558824204996,365.6098716891313,362.81072125858736,352.4155095627723,0.02949703237724128
640,2022-10-26,12.855174461632362,532953000,505482000.0,517457000.0,12.680362458755884,12.494564531558703,0.013786041483046869,0.014870300339631121,-0.023142019530125207,368.3413105929853,365.6098716891313,362.81072125858736,0.007715181130352771
641,2022-10-27,13.615356979676683,583113000,532953000.0,505482000.0,12.855174461632362,12.680362458755884,0.05913436027750276,0.013786041483046869,0.05434614882429048,369.74096280490863,368.3413105929853,365.6098716891313,0.007470911250931586
642,2022-10-28,13.089921376439895,521040000,583113000.0,532953000.0,13.615356979676683,12.855174461632362,-0.03859139382251185,0.05913436027750276,0.09411711726925263,366.6522704297885,369.74096280490863,368.3413105929853,0.0037998784596549357
643,2022-10-31,13.763198338558981,486341000,521040000.0,583113000.0,13.089921376439895,13.615356979676683,0.051434759824523814,-0.03859139382251185,-0.10645106523092436,372.99364461103545,366.6522704297885,369.74096280490863,-0.008353665635770762
644,2022-11-01,13.79616270270372,432817000,486341000.0,521040000.0,13.763198338558981,13.089921376439895,0.002395109285927098,0.051434759824523814,-0.06659565484415784,376.56491619272265,372.99364461103545,366.6522704297885,0.017295335915453736
645,2022-11-02,13.835121333715565,672628000,432817000.0,486341000.0,13.79616270270372,13.763198338558981,0.0028238744244593198,0.002395109285927098,-0.1100544679556114,370.54209151567363,376.56491619272265,372.99364461103545,0.009574617780448743
646,2022-11-03,13.028988642622243,500065000,672628000.0,432817000.0,13.835121333715565,13.79616270270372,-0.05826712116566786,0.0028238744244593198,0.5540701959488652,358.5444801618079,370.54209151567363,376.56491619272265,-0.015994120583359354
647,2022-11-04,13.9709753954596,612576000,500065000.0,672628000.0,13.028988642622243,13.835121333715565,0.07229929956004402,-0.05826712116566786,-0.2565504260899041,363.8821072770496,358.5444801618079,370.54209151567363,-0.03237853844023618
648,2022-11-07,14.212715367274726,410061000,612576000.0,500065000.0,13.9709753954596,13.028988642622243,0.017303013209348846,0.07229929956004402,0.2249927509423775,364.56741389703893,363.8821072770496,358.5444801618079,0.014886931498242302
649,2022-11-08,14.785099833381034,595292000,410061000.0,612576000.0,14.212715367274726,13.9709753954596,0.04027270309122238,0.017303013209348846,-0.33059571383795644,367.84908371371904,364.56741389703893,363.8821072770496,0.0018833204663936552
650,2022-11-09,14.14678591725043,454414000,595292000.0,410061000.0,14.785099833381034,14.212715367274726,-0.0431727836351468,0.04027270309122238,0.4517157203440464,366.71017437534283,367.84908371371904,364.56741389703893,0.009001544547277932
651,2022-11-10,14.784099781497519,700819000,454414000.0,595292000.0,14.14678591725043,14.785099833381034,0.045050081903759885,-0.0431727836351468,-0.23665360864920074,374.5476313535781,366.71017437534283,367.84908371371904,-0.0030961320519764363
652,2022-11-11,15.790018813908167,655487000,700819000.0,454414000.0,14.784099781497519,14.14678591725043,0.0680406008669915,0.045050081903759885,0.5422478180689856,381.8252967897964,374.5476313535781,366.71017437534283,0.021372346681096704
653,2022-11-14,16.200581283302036,527852000,655487000.0,700819000.0,15.790018813908167,14.784099781497519,0.026001392033316428,0.0680406008669915,-0.06468431934636475,382.85809705879814,381.8252967897964,374.5476313535781,0.019430547217499625
654,2022-11-15,16.704039507440147,545876000,527852000.0,655487000.0,16.200581283302036,15.790018813908167,0.03107655307757544,0.026001392033316428,-0.19471782049071912,387.1917760968327,382.85809705879814,381.8252967897964,0.0027049026811083493
655,2022-11-16,16.144639155069807,649547000,545876000.0,527852000.0,16.704039507440147,16.200581283302036,-0.0334889265630135,0.03107655307757544,0.03414593484537332,382.9738947537852,387.1917760968327,382.85809705879814,0.011319282708990276
656,2022-11-17,15.698118396419817,710894000,649547000.0,545876000.0,16.144639155069807,16.704039507440147,-0.02765752485150912,-0.0334889265630135,0.18991675765192095,376.87377515035627,382.9738947537852,387.1917760968327,-0.010893519964619961
657,2022-11-18,15.948847340613554,492072000,710894000.0,649547000.0,15.698118396419817,16.144639155069807,0.015971910636813608,-0.02765752485150912,0.09444582147250315,383.9004304209172,376.87377515035627,382.9738947537852,-0.01592829090178775
658,2022-11-21,15.13072730018143,404739000,492072000.0,710894000.0,15.948847340613554,15.698118396419817,-0.051296499550082884,0.015971910636813608,-0.30781241647840607,380.9083853288284,383.9004304209172,376.87377515035627,0.018644585359534747
659,2022-11-22,15.311531894542304,472866000,404739000.0,492072000.0,15.13072730018143,15.948847340613554,0.01194949791730802,-0.051296499550082884,-0.17748012485977663,382.82911254649855,380.9083853288284,383.9004304209172,-0.007793804994717654
660,2022-11-23,16.0807077296891,427241000,472866000.0,404739000.0,15.311531894542304,15.13072730018143,0.05023506729728086,0.01194949791730802,0.1683232898238124,385.6474409191522,382.82911254649855,380.9083853288284,0.005042491296199867
661,2022-11-25,16.300470283585213,167934000,427241000.0,472866000.0,16.0807077296891,15.311531894542304,0.013666223998983342,0.05023506729728086,-0.09648610811519542,387.84811673734316,385.6474409191522,382.82911254649855,0.00736184443734363
662,2022-11-28,16.008783189002287,303741000,167934000.0,427241000.0,16.300470283585213,16.0807077296891,-0.017894397493344635,0.013666223998983342,-0.606933791466643,385.2034680577448,387.84811673734316,385.6474409191522,0.005706444759352952
663,2022-11-29,15.80999585179943,298384000,303741000.0,167934000.0,16.008783189002287,16.300470283585213,-0.012417392056344416,-0.017894397493344635,0.8086927007038479,382.26922850277373,385.2034680577448,387.84811673734316,-0.0068187740650791605
664,2022-11-30,15.684144766602273,565298000,298384000.0,303741000.0,15.80999585179943,16.008783189002287,-0.007960222531167392,-0.012417392056344416,-0.017636736561741747,381.7287225286576,382.26922850277373,385.2034680577448,-0.0076173757462930725
665,2022-12-01,16.985079559627742,470977000,565298000.0,298384000.0,15.684144766602273,15.80999585179943,0.08294585470772191,-0.007960222531167392,0.8945318783849,394.5466360386834,381.7287225286576,382.26922850277373,-0.0014139405785631878
666,2022-12-02,16.6453612261795,371389000,470977000.0,565298000.0,16.985079559627742,15.684144766602273,-0.02000098570369536,0.08294585470772191,-0.16685181974816823,388.2535167100445,394.5466360386834,381.7287225286576,0.03357859326151049
667,2022-12-05,16.665344964965847,352255000,371389000.0,470977000.0,16.6453612261795,16.985079559627742,0.0012005590335232546,-0.02000098570369536,-0.21144981602073987,389.8943726441116,388.2535167100445,394.5466360386834,-0.015950254681735263
668,2022-12-06,16.516466931221224,352694000,352255000.0,371389000.0,16.665344964965847,16.6453612261795,-0.008933390461319385,0.0012005590335232546,-0.05152010425726125,385.52198377171527,389.8943726441116,388.2535167100445,0.004226248735546051
669,2022-12-07,15.759086398689979,372388000,352694000.0,352255000.0,16.516466931221224,16.665344964965847,-0.04585608627348517,-0.008933390461319385,0.0012462562632184072,379.26748169969045,385.52198377171527,389.8943726441116,-0.011214290790463377
670,2022-12-08,16.259677159760216,515456000,372388000.0,352694000.0,15.759086398689979,16.516466931221224,0.03176521458197285,-0.04585608627348517,0.055838772420285,381.39093529149324,379.26748169969045,385.52198377171527,-0.016223464122161163
671,2022-12-09,17.145949833064485,465338000,515456000.0,372388000.0,16.259677159760216,15.759086398689979,0.054507396708812585,0.03176521458197285,0.38419068283618163,381.19791581481877,381.39093529149324,379.26748169969045,0.005598828516187337
672,2022-12-12,17.023051775036333,457328000,465338000.0,515456000.0,17.145949833064485,16.259677159760216,-0.0071677602713588915,0.054507396708812585,-0.09723041345915073,380.3967133772017,381.19791581481877,381.39093529149324,-0.0005060935088217081
673,2022-12-13,18.515829057167874,656589000,457328000.0,465338000.0,17.023051775036333,17.145949833064485,0.0876915198202383,-0.0071677602713588915,-0.01721329442254877,395.9461828064442,380.3967133772017,381.19791581481877,-0.0021018017265505683
674,2022-12-14,17.97227412197752,496888000,656589000.0,457328000.0,18.515829057167874,17.023051775036333,-0.029356229932352512,0.0876915198202383,0.43570697617464926,387.63581000894794,395.9461828064442,380.3967133772017,0.04087698153644042
675,2022-12-15,17.13196129101247,478542000,496888000.0,656589000.0,17.97227412197752,18.515829057167874,-0.04675606577452923,-0.029356229932352512,-0.24322825999217165,380.58012032923136,387.63581000894794,395.9461828064442,-0.020988642291214436
676,2022-12-16,16.85019346435218,478232000,478542000.0,496888000.0,17.13196129101247,17.97227412197752,-0.016446910069082755,-0.04675606577452923,-0.03692180129123666,373.4847309619178,380.58012032923136,387.63581000894794,-0.01820185209295733
677,2022-12-19,16.558432576626064,354039000,478232000.0,478542000.0,16.85019346435218,17.13196129101247,-0.01731498741206492,-0.016446910069082755,-0.0006478010289587957,371.82661244427356,373.4847309619178,380.58012032923136,-0.01864361533433612
678,2022-12-20,16.05084993795553,403260000,354039000.0,478232000.0,16.558432576626064,16.85019346435218,-0.030654026963097925,-0.01731498741206492,-0.2596919486776293,367.7153738639664,371.82661244427356,373.4847309619178,-0.004439588503052682
679,2022-12-21,16.100807415218085,325025000,403260000.0,354039000.0,16.05084993795553,16.558432576626064,0.0031124505839669595,-0.030654026963097925,0.13902705634125054,371.61327948792604,367.7153738639664,371.82661244427356,-0.011056870172043709
680,2022-12-22,16.08082476403522,565045000,325025000.0,403260000.0,16.100807415218085,16.05084993795553,-0.0012410962175709013,0.0031124505839669595,-0.1940063482616674,371.4193050602712,371.61327948792604,367.7153738639664,0.010600333575940226
681,2022-12-23,15.18355806886971,349326000,565045000.0,325025000.0,16.08082476403522,16.100807415218085,-0.0557973056936886,-0.0012410962175709013,0.7384662718252442,368.12263519402285,371.4193050602712,371.61327948792604,-0.0005219792681309148
682,2022-12-27,15.061660743936846,464902000,349326000.0,565045000.0,15.18355806886971,16.08082476403522,-0.008028245051651301,-0.0557973056936886,-0.38177313311329186,371.16723669242253,368.12263519402285,371.4193050602712,-0.008875871074373454
683,2022-12-28,13.915597512631557,351066000,464902000.0,349326000.0,15.061660743936846,15.18355806886971,-0.07609142516150773,-0.008028245051651301,0.3308542736584165,369.751544912614,371.16723669242253,368.12263519402285,0.008270617471797128
684,2022-12-29,14.390209721155754,354923000,351066000.0,464902000.0,13.915597512631557,15.061660743936846,0.03410649151740552,-0.07609142516150773,-0.24486020709740977,368.10320223797714,369.751544912614,371.16723669242253,-0.0038141614880239988
685,2022-12-30,14.322265013832519,310490000,354923000.0,351066000.0,14.390209721155754,13.915597512631557,-0.004721592571604183,0.03410649151740552,0.010986538143824809,369.08254778752337,368.10320223797714,369.751544912614,-0.004457973732135263
686,2023-01-03,14.838841304566728,401277000,310490000.0,354923000.0,14.322265013832519,14.390209721155754,0.03606805838568807,-0.004721592571604183,-0.12519053428490123,372.6992171545678,369.08254778752337,368.10320223797714,0.002660518962052064
687,2023-01-04,14.555074914722184,431324000,401277000.0,310490000.0,14.838841304566728,14.322265013832519,-0.0191232175087157,0.03606805838568807,0.2923991110824825,371.5454127025299,372.6992171545678,369.08254778752337,0.00979907987718377
688,2023-01-05,14.479135485903637,389168000,431324000.0,401277000.0,14.555074914722184,14.838841304566728,-0.005217384950848695,-0.0191232175087157,0.07487845054662988,370.12972515312134,371.5454127025299,372.6992171545678,-0.003095805944661743
689,2023-01-06,14.462151036341861,405044000,389168000.0,431324000.0,14.479135485903637,14.555074914722184,-0.001173029258432639,-0.005217384950848695,-0.09773627250048687,370.99271645676004,370.12972515312134,371.5454127025299,-0.003810267873074279
690,2023-01-09,15.271488464185648,504231000,405044000.0,389168000.0,14.462151036341861,14.479135485903637,0.05596245163046677,-0.001173029258432639,0.04079472104592361,378.517110812085,370.99271645676004,370.12972515312134,0.002331591452920128
691,2023-01-10,15.494302888629546,384101000,504231000.0,405044000.0,15.271488464185648,14.462151036341861,0.014590223144681523,0.05596245163046677,0.24487956863945645,375.49182581586547,378.517110812085,370.99271645676004,0.020281784578382492
692,2023-01-11,15.827032288803178,353285000,384101000.0,504231000.0,15.494302888629546,15.271488464185648,0.02147430591522799,0.014590223144681523,-0.23824397944592857,380.32059784608833,375.49182581586547,378.517110812085,-0.007992465623889366
693,2023-01-12,16.08681762259126,551409000,353285000.0,384101000.0,15.827032288803178,15.494302888629546,0.016414026903316902,0.02147430591522799,-0.08022889812835686,384.6258395750699,380.32059784608833,375.49182581586547,0.012859859251878386
694,2023-01-13,16.264672409444337,447287000,551409000.0,353285000.0,16.08681762259126,15.827032288803178,0.011055933561608307,0.016414026903316902,0.5608050157804605,381.66843619015316,384.6258395750699,380.32059784608833,0.011320033028355346
695,2023-01-17,16.885163700930974,511102000,447287000.0,551409000.0,16.264672409444337,16.08681762259126,0.0381496335042284,0.011055933561608307,-0.18882898175401563,386.38087675294776,381.66843619015316,384.6258395750699,-0.007689039790420866
696,2023-01-18,17.652537414377978,439624000,511102000.0,447287000.0,16.885163700930974,16.264672409444337,0.04544662563174878,0.0381496335042284,0.1426712602870193,386.89477580371937,386.38087675294776,381.66843619015316,0.012346948597150397
697,2023-01-19,17.02204827697326,452932000,439624000.0,511102000.0,17.652537414377978,16.885163700930974,-0.03571662943431501,0.04544662563174878,-0.13985075386126447,377.5377401599957,386.89477580371937,386.38087675294776,0.001330032311873966
698,2023-01-20,16.997072985244962,564967000,452932000.0,439624000.0,17.02204827697326,17.652537414377978,-0.0014672318702139817,-0.03571662943431501,0.03027132276672793,378.2553030012775,377.5377401599957,386.89477580371937,-0.024184962498616756
699,2023-01-23,18.04920712767928,655163000,564967000.0,452932000.0,16.997072985244962,17.02204827697326,0.061900901605098084,-0.0014672318702139817,0.24735501134828186,384.6742627059418,378.2553030012775,377.5377401599957,0.0019006387042994773
700,2023-01-24,18.811586379989397,496204000,655163000.0,564967000.0,18.04920712767928,16.997072985244962,0.04223893309645563,0.061900901605098084,0.1596482626418888,386.7687173884597,384.6742627059418,378.2553030012775,0.016969913319741677
701,2023-01-25,18.89751622008394,449537000,496204000.0,655163000.0,18.811586379989397,18.04920712767928,0.004567920980122668,0.04223893309645563,-0.2426251177187967,383.927635507658,386.7687173884597,384.6742627059418,0.005444748675891958
702,2023-01-26,19.684868544073076,489535000,449537000.0,496204000.0,18.89751622008394,18.811586379989397,0.04166432851912848,0.004567920980122668,-0.09404801251098338,390.88970331060733,383.927635507658,386.7687173884597,-0.007345686848681214
703,2023-01-27,19.446068836928813,542142000,489535000.0,449537000.0,19.684868544073076,18.89751622008394,-0.012131130396406108,0.04166432851912848,0.08897599085281079,391.4035880003109,390.88970331060733,383.927635507658,0.01813380220401053
704,2023-01-30,19.9336676842303,488611000,542142000.0,489535000.0,19.446068836928813,19.684868544073076,0.025074417425465418,-0.012131130396406108,0.1074632048780986,390.56964661036517,391.4035880003109,390.88970331060733,0.001314653942918568
705,2023-01-31,19.154309258635312,498017000,488611000.0,542142000.0,19.9336676842303,19.446068836928813,-0.03909759297389843,0.025074417425465418,-0.09873981355438242,388.9504072665645,390.56964661036517,391.4035880003109,-0.002130643191612896
706,2023-02-01,19.67487620181203,660477000,498017000.0,488611000.0,19.154309258635312,19.9336676842303,0.027177536717594302,-0.03909759297389843,0.01925048760670554,392.906516111432,388.9504072665645,390.56964661036517,-0.00414584020507873
707,2023-02-02,20.982805922594803,564276000,660477000.0,498017000.0,19.67487620181203,19.154309258635312,0.06647715123423827,0.027177536717594302,0.32621376378718,402.2634979963016,392.906516111432,388.9504072665645,0.010171242325390253
708,2023-02-03,20.98280511679256,429366000,564276000.0,660477000.0,20.982805922594803,19.67487620181203,-3.8402978489067006e-08,0.06647715123423827,-0.14565382291889045,399.09277852945274,402.2634979963016,392.906516111432,0.023814779091665437
709,2023-02-06,20.78896612562126,452197000,429366000.0,564276000.0,20.98280511679256,20.982805922594803,-0.00923799225567643,-3.8402978489067006e-08,-0.23908512855411182,397.3474968174575,399.09277852945274,402.2634979963016,-0.007882195333761133
710,2023-02-07,21.364495296060316,664150000,452197000.0,429366000.0,20.78896612562126,20.98280511679256,0.027684357507790934,-0.00923799225567643,0.05317374920231225,396.45535450391685,397.3474968174575,399.09277852945274,-0.00437312275713461
711,2023-02-08,22.368667344122148,559651000,664150000.0,452197000.0,21.364495296060316,20.78896612562126,0.04700190826632844,0.027684357507790934,0.46871827986474923,400.5860760041181,396.45535450391685,397.3474968174575,-0.0022452445798356504
712,2023-02-09,22.587493006154816,523876000,559651000.0,664150000.0,22.368667344122148,21.364495296060316,0.009782686588620972,0.04700190826632844,-0.15734246781600542,401.8271483802855,400.5860760041181,396.45535450391685,0.010419134092336909
713,2023-02-10,21.672242294842736,550737000,523876000.0,559651000.0,22.587493006154816,22.368667344122148,-0.0405202432630609,0.009782686588620972,-0.0639237667760801,393.5367432012661,401.8271483802855,400.5860760041181,0.003098141574333258
714,2023-02-13,21.520365368362526,474919000,550737000.0,523876000.0,21.672242294842736,22.587493006154816,-0.0070079009090974935,-0.0405202432630609,0.051273583825180005,396.30994256945445,393.5367432012661,401.8271483802855,-0.020631769686137346
715,2023-02-14,21.560329530497455,675474000,474919000.0,550737000.0,21.520365368362526,21.672242294842736,0.001857039202209873,-0.0070079009090974935,-0.13766643606657988,398.7534162442866,396.30994256945445,393.5367432012661,0.0070468626274371405
716,2023-02-15,22.53053721244562,420575000,675474000.0,474919000.0,21.560329530497455,21.520365368362526,0.04499966851507481,0.001857039202209873,0.4222930647120877,397.8904312807927,398.7534162442866,396.30994256945445,0.006165562385313921
717,2023-02-16,22.114879171338252,412026000,420575000.0,675474000.0,22.53053721244562,21.560329530497455,-0.018448652031153614,0.04499966851507481,-0.37736315535461024,396.3777638935451,397.8904312807927,398.7534162442866,-0.0021642070721851815
718,2023-02-17,21.613288266361437,465888000,412026000.0,420575000.0,22.114879171338252,22.53053721244562,-0.022681150599588033,-0.018448652031153614,-0.02032693336503596,393.730711129276,396.3777638935451,397.8904312807927,-0.0038017184338372213
719,2023-02-21,20.982805051800373,410015000,465888000.0,412026000.0,21.613288266361437,22.114879171338252,-0.029171091727968924,-0.022681150599588033,0.1307247600879556,390.82187203708503,393.730711129276,396.3777638935451,-0.006678106103297913
720,2023-02-22,20.690048547419124,513184000,410015000.0,465888000.0,20.982805051800373,21.613288266361437,-0.013952210091001602,-0.029171091727968924,-0.11992796551960987,387.38931210957054,390.82187203708503,393.730711129276,-0.007387889768232762
721,2023-02-23,23.42080908535159,1117995000,513184000.0,410015000.0,20.690048547419124,20.982805051800373,0.13198424990032706,-0.013952210091001602,0.2516225016157945,389.3673265707917,387.38931210957054,390.82187203708503,-0.008782926885905644
722,2023-02-24,23.205986370917074,589716000,1117995000.0,513184000.0,23.42080908535159,20.690048547419124,-0.009172301163962546,0.13198424990032706,1.1785460965267818,383.41376153448846,389.3673265707917,387.38931210957054,0.005106011961067464
723,2023-02-27,23.65062037481705,452994000,589716000.0,1117995000.0,23.205986370917074,23.42080908535159,0.019160314790894317,-0.009172301163962546,-0.47252358015912416,387.7286633753405,383.41376153448846,389.3673265707917,-0.015290355995550684
724,2023-02-28,23.352863375406507,455963000,452994000.0,589716000.0,23.65062037481705,23.205986370917074,-0.012589817716899737,0.019160314790894317,-0.2318438027796431,385.1688509162658,387.7286633753405,383.41376153448846,0.011253904459722687
725,2023-03-01,23.17300974177125,460026000,455963000.0,452994000.0,23.352863375406507,23.65062037481705,-0.007701566644913705,-0.012589817716899737,0.006554170695417599,383.4040947317888,385.1688509162658,387.7286633753405,-0.0066020717601594165
726,2023-03-02,22.469590264985175,389415000,460026000.0,455963000.0,23.17300974177125,23.352863375406507,-0.030355119366221244,-0.007701566644913705,0.008910810745608745,380.7569899304116,383.4040947317888,385.1688509162658,-0.0045817728517736364
727,2023-03-03,23.300910243694258,412393000,389415000.0,460026000.0,22.469590264985175,23.17300974177125,0.03699755842920489,-0.030355119366221244,-0.15349349819358035,387.5735575333311,380.7569899304116,383.4040947317888,-0.006904216302721057
728,2023-03-06,23.87144155642439,437429000,412393000.0,389415000.0,23.300910243694258,22.469590264985175,0.02448536588327191,0.03699755842920489,0.05900645840555705,392.7513411206399,387.5735575333311,380.7569899304116,0.017902672263916515
729,2023-03-07,23.58468599671928,515154000,437429000.0,412393000.0,23.87144155642439,23.300910243694258,-0.012012494470738705,0.02448536588327191,0.06070908090098522,392.14053621639704,392.7513411206399,387.5735575333311,0.01335948618440903
730,2023-03-08,23.471759964157894,513573000,515154000.0,437429000.0,23.58468599671928,23.87144155642439,-0.004788108375794987,-0.012012494470738705,0.17768597875312336,386.29358883689474,392.14053621639704,392.7513411206399,-0.001555194954904651
731,2023-03-09,24.15930848577099,501257000,513573000.0,515154000.0,23.471759964157894,23.58468599671928,0.029292584904711167,-0.004788108375794987,-0.0030689851966596397,387.60261205758303,386.29358883689474,392.14053621639704,-0.014910336574527821
732,2023-03-10,23.39380822343578,474866000,501257000.0,513573000.0,24.15930848577099,23.471759964157894,-0.03168552041901624,0.029292584904711167,-0.023981011462830017,379.1182772501416,387.60261205758303,386.29358883689474,0.003388674465526787
733,2023-03-13,22.737233773647205,421890000,474866000.0,501257000.0,23.39380822343578,24.15930848577099,-0.028066163641147696,-0.03168552041901624,-0.052649638808036595,370.21701151974185,379.1182772501416,387.60261205758303,-0.021889261175002034
734,2023-03-14,23.48075091334457,474910000,421890000.0,474866000.0,22.737233773647205,23.39380822343578,0.0327004220082001,-0.028066163641147696,-0.1115598926855155,378.6431211504892,370.21701151974185,379.1182772501416,-0.023478862045278596
735,2023-03-15,23.745576714518688,524486000,474910000.0,421890000.0,23.48075091334457,22.737233773647205,0.011278421297149125,0.0327004220082001,0.12567256867903956,374.17324253195727,378.6431211504892,370.21701151974185,0.022759920178054917
736,2023-03-16,24.01140628522713,583253000,524486000.0,474910000.0,23.745576714518688,23.48075091334457,0.01119490900997611,0.011278421297149125,0.1043903055315744,375.07489019649023,374.17324253195727,378.6431211504892,-0.011804990950186608
737,2023-03-17,25.965134687603545,848547000,583253000.0,524486000.0,24.01140628522713,23.745576714518688,0.08136667961752962,0.01119490900997611,0.11204684205107476,382.73574852805046,375.07489019649023,374.17324253195727,0.002409706419496181
738,2023-03-20,25.598375276520795,432747000,848547000.0,583253000.0,25.965134687603545,24.01140628522713,-0.014125072544216416,0.08136667961752962,0.45485235395274437,380.3802375233419,382.73574852805046,375.07489019649023,0.02042487655611109
739,2023-03-21,26.163006717189962,547408000,432747000.0,848547000.0,25.598375276520795,25.965134687603545,0.022057315535453356,-0.014125072544216416,-0.4900141064667013,386.64853084170437,380.3802375233419,382.73574852805046,-0.006154405523308237
740,2023-03-22,26.40784575429176,797295000,547408000.0,432747000.0,26.163006717189962,25.598375276520795,0.009358214816377757,0.022057315535453356,0.2649608200634551,388.0988533633796,386.64853084170437,380.3802375233419,0.016479019412720675
741,2023-03-23,27.097400403214937,564889000,797295000.0,547408000.0,26.40784575429176,26.163006717189962,0.02611173419214297,0.009358214816377757,0.45649131908923507,384.5558638990384,388.0988533633796,386.64853084170437,0.003751010041388175
742,2023-03-24,27.013456826272407,454920000,564889000.0,797295000.0,27.097400403214937,26.40784575429176,-0.0030978461289065708,0.02611173419214297,-0.2914931110818455,381.39251993965786,384.5558638990384,388.0988533633796,-0.009129090265628446
743,2023-03-27,26.81957981588118,361026000,454920000.0,564889000.0,27.013456826272407,27.097400403214937,-0.007177052964308801,-0.0030978461289065708,-0.19467364384861452,387.50509334943473,381.39251993965786,384.5558638990384,-0.008225967294601046
744,2023-03-28,26.429837056217544,356104000,361026000.0,454920000.0,26.81957981588118,27.013456826272407,-0.014532023332925269,-0.007177052964308801,-0.20639672909522552,385.2177273330947,387.50509334943473,381.39251993965786,0.016026988182002034
745,2023-03-29,26.80759068169934,393694000,356104000.0,361026000.0,26.429837056217544,26.81957981588118,0.01429269596624065,-0.014532023332925269,-0.013633367125913369,389.2668041746503,385.2177273330947,387.50509334943473,-0.0059028024549793836
746,2023-03-30,27.211327368787387,364516000,393694000.0,356104000.0,26.80759068169934,26.429837056217544,0.01506053609523601,0.01429269596624065,0.10555905016512031,393.31592649139174,389.2668041746503,385.2177273330947,0.010511138388121032
747,2023-03-31,27.122384566656116,433933000,364516000.0,393694000.0,27.211327368787387,26.80759068169934,-0.0032685947629769955,0.01506053609523601,-0.0741133977149766,393.87074298003716,393.31592649139174,389.2668041746503,0.010401920413754914
748,2023-04-03,27.49114640923392,398716000,433933000.0,364516000.0,27.122384566656116,27.211327368787387,0.013596217606587394,-0.0032685947629769955,0.1904360851101186,397.94902738068726,393.87074298003716,393.31592649139174,0.0014106128210843547
749,2023-04-04,27.947850130837605,368592000,398716000.0,433933000.0,27.49114640923392,27.122384566656116,0.016612756514594953,0.013596217606587394,-0.08115769024250287,400.6451311852712,397.94902738068726,393.87074298003716,0.01035437252788485
750,2023-04-05,26.811585800897024,515015000,368592000.0,398716000.0,27.947850130837605,27.49114640923392,-0.04065659163839685,0.016612756514594953,-0.07555252360075844,397.0340625400612,400.6451311852712,397.94902738068726,0.0067749978491713075
751,2023-04-06,26.566747909374286,397654000,515015000.0,368592000.0,26.811585800897024,27.947850130837605,-0.009131794491415247,-0.04065659163839685,0.3972495333593784,395.9244481388538,397.0340625400612,400.6451311852712,-0.009013134976898424
752,2023-04-10,26.805590178121808,395279000,397654000.0,515015000.0,26.566747909374286,26.811585800897024,0.008990271205277806,-0.009131794491415247,-0.22787879964661223,395.7687387785369,395.9244481388538,397.0340625400612,-0.002794758701831654
753,2023-04-11,27.70600922833138,314378000,395279000.0,397654000.0,26.805590178121808,26.566747909374286,0.03359071910845206,0.008990271205277806,-0.005972528881892298,399.321447963788,395.7687387785369,395.9244481388538,-0.00039328048835796217
754,2023-04-12,27.352236262733783,446259000,314378000.0,395279000.0,27.70600922833138,26.805590178121808,-0.012768817142955314,0.03359071910845206,-0.20466809519352153,400.88844383851193,399.321447963788,395.7687387785369,0.008976730188988266
755,2023-04-13,26.71664961365694,353615000,446259000.0,314378000.0,27.352236262733783,27.70600922833138,-0.023237099993275535,-0.012768817142955314,0.41949818371514547,398.27023557758935,400.88844383851193,399.321447963788,0.003924146530857127
756,2023-04-14,26.486798151032517,395660000,353615000.0,446259000.0,26.71664961365694,27.352236262733783,-0.008603304154834195,-0.023237099993275535,-0.20760141532159576,401.80341206988373,398.27023557758935,400.88844383851193,-0.006531014553208889
757,2023-04-17,26.547757558326303,321471000,395660000.0,353615000.0,26.486798151032517,26.71664961365694,0.0023015015611243424,-0.008603304154834195,0.11890049913041019,401.3751733344069,401.80341206988373,398.27023557758935,0.00887130439755413
758,2023-04-18,27.515132130784668,604812000,321471000.0,395660000.0,26.547757558326303,26.486798151032517,0.03643903144485973,0.0023015015611243424,-0.18750695041196988,404.49954414726284,401.3751733344069,401.80341206988373,-0.0010657916847215756
759,2023-04-19,27.343240685548253,358660000,604812000.0,321471000.0,27.515132130784668,26.547757558326303,-0.006247160450452591,0.03643903144485973,0.881388989986655,401.2291709411652,404.49954414726284,401.3751733344069,0.007784165589765724
760,2023-04-20,27.65304199464376,427713000,358660000.0,604812000.0,27.343240685548253,27.515132130784668,0.011330087485176842,-0.006247160450452591,-0.40698927931324114,400.2460442637138,401.2291709411652,404.49954414726284,-0.008084986135131532
761,2023-04-21,26.93450514321989,345103000,427713000.0,358660000.0,27.65304199464376,27.343240685548253,-0.025984007530276305,0.011330087485176842,0.19253053030725478,401.1999434000945,400.2460442637138,401.2291709411652,-0.0024502871392557066
762,2023-04-24,26.995467887974886,339282000,345103000.0,427713000.0,26.93450514321989,27.65304199464376,0.002263369771630696,-0.025984007530276305,-0.19314353316359334,401.00528464032885,401.1999434000945,400.2460442637138,0.002383281858876272
763,2023-04-25,27.06042517631063,378527000,339282000.0,345103000.0,26.995467887974886,26.93450514321989,0.002406229393959847,0.002263369771630696,-0.016867427985268166,399.63282557692713,401.00528464032885,401.1999434000945,-0.0004851913938869892
764,2023-04-26,26.98447484193406,406337000,378527000.0,339282000.0,27.06042517631063,26.995467887974886,-0.0028066940516167614,0.002406229393959847,0.11567073997441656,395.87582728655804,399.63282557692713,401.00528464032885,-0.003422546076001745
765,2023-04-27,27.345240361377464,377161000,406337000.0,378527000.0,26.98447484193406,27.06042517631063,0.013369373373269152,-0.0028066940516167614,0.07346899956938342,396.14830384025987,395.87582728655804,399.63282557692713,-0.009401125357871524
766,2023-04-28,27.20733127338207,292216000,377161000.0,406337000.0,27.345240361377464,26.98447484193406,-0.00504325748001748,0.013369373373269152,-0.07180246937886532,400.51861980254466,396.14830384025987,395.87582728655804,0.0006882879300043779
767,2023-05-01,27.82193199383704,570329000,292216000.0,377161000.0,27.20733127338207,27.345240361377464,0.022589526119978408,-0.00504325748001748,-0.22522211999650016,404.3924546747584,400.51861980254466,396.14830384025987,0.01103201987719995
768,2023-05-02,28.661386629023887,402730000,570329000.0,292216000.0,27.82193199383704,27.20733127338207,0.030172406264697877,0.022589526119978408,0.9517377556328196,403.71116487366527,404.3924546747584,400.51861980254466,0.009672046892909899
769,2023-05-03,27.821931972424778,383387000,402730000.0,570329000.0,28.661386629023887,27.82193199383704,-0.02928869658207804,0.030172406264697877,-0.2938637172579336,400.3920873840193,403.71116487366527,404.3924546747584,-0.0016847243147528556
770,2023-05-04,27.63305419552841,321850000,383387000.0,402730000.0,27.821931972424778,28.661386629023887,-0.0067888088103864284,-0.02928869658207804,-0.04802969731581953,396.08015082229724,400.3920873840193,403.71116487366527,-0.008221416147072905
771,2023-05-05,27.807942509671445,361494000,321850000.0,383387000.0,27.63305419552841,27.821931972424778,0.0063289534665819415,-0.0067888088103864284,-0.16050883311119052,398.00741837809966,396.08015082229724,400.3920873840193,-0.010769285152197453
772,2023-05-08,28.503486722502963,344979000,361494000.0,321850000.0,27.807942509671445,27.63305419552841,0.025012429905219034,0.0063289534665819415,0.12317539226347678,401.95913830017594,398.00741837809966,396.08015082229724,0.0048658524084108715
773,2023-05-09,28.88024404414107,314869000,344979000.0,361494000.0,28.503486722502963,27.807942509671445,0.013217938047581496,0.025012429905219034,-0.045685405566897375,400.16819009405634,401.95913830017594,398.00741837809966,0.009928759464282694
774,2023-05-10,28.986175863013205,369350000,314869000.0,344979000.0,28.88024404414107,28.503486722502963,0.003667968273059891,0.013217938047581496,-0.0872806750555831,402.8448519182144,400.16819009405634,401.95913830017594,-0.004455547928809984
775,2023-05-11,28.877246468531435,322149000,369350000.0,314869000.0,28.986175863013205,28.88024404414107,-0.0037579774233263137,0.003667968273059891,0.17302751302922803,400.96631642303777,402.8448519182144,400.16819009405634,0.006688842067953737
776,2023-05-12,28.51048218586155,274222000,322149000.0,369350000.0,28.877246468531435,28.986175863013205,-0.012700805219415913,-0.0037579774233263137,-0.1277947746040341,402.39712969944856,400.96631642303777,402.8448519182144,-0.004663173641742323
777,2023-05-15,28.489498915064928,293926000,274222000.0,322149000.0,28.51048218586155,28.877246468531435,-0.0007359844235475337,-0.012700805219415913,-0.14877277284734702,401.2291630110443,402.39712969944856,400.96631642303777,0.0035684126516532994
778,2023-05-16,28.822281983258687,449405000,293926000.0,274222000.0,28.489498915064928,28.51048218586155,0.011680902819171283,-0.0007359844235475337,0.07185419112981453,400.8786737369572,401.2291630110443,402.39712969944856,-0.002902522414304014
779,2023-05-17,29.56479672728252,432535000,449405000.0,293926000.0,28.822281983258687,28.489498915064928,0.025761830532888393,0.011680902819171283,0.5289732789885889,401.355688524903,400.8786737369572,401.2291630110443,-0.0008735388810146797
780,2023-05-18,30.39025981784544,748725000,432535000.0,449405000.0,29.56479672728252,28.822281983258687,0.027920472384008615,0.025761830532888393,-0.037538523158398326,403.83773895125745,401.355688524903,400.8786737369572,0.0011899230844562003
781,2023-05-19,31.515532395418244,473908000,748725000.0,432535000.0,30.39025981784544,29.56479672728252,0.03702740892369844,0.027920472384008615,0.7310159871455489,408.9671562498068,403.83773895125745,401.355688524903,0.006184166556793357
782,2023-05-22,30.880942499765002,372000000,473908000.0,748725000.0,31.515532395418244,30.39025981784544,-0.02013578218166162,0.03702740892369844,-0.36704664596480685,407.4779982453808,408.9671562498068,403.83773895125745,0.012701678926467216
783,2023-05-23,30.979882903908486,356253000,372000000.0,473908000.0,30.880942499765002,31.515532395418244,0.0032039308432453683,-0.02013578218166162,-0.21503751783046499,405.95955524904446,407.4779982453808,408.9671562498068,-0.0036412655189269477
784,2023-05-24,30.19039081167834,721419000,356253000.0,372000000.0,30.979882903908486,30.880942499765002,-0.02548402441284052,0.0032039308432453683,-0.04233064516129032,401.4238278509022,405.95955524904446,407.4779982453808,-0.00372644167997979
785,2023-05-25,38.497991938105514,1543911000,721419000.0,356253000.0,30.19039081167834,30.979882903908486,0.27517368616551996,-0.02548402441284052,1.0250187366843226,403.6819266317973,401.4238278509022,405.95955524904446,-0.011172855373141027
786,2023-05-26,37.86540484439774,714397000,1543911000.0,721419000.0,38.497991938105514,30.19039081167834,-0.016431690637911913,0.27517368616551996,1.1401030469117115,404.25624235388847,403.6819266317973,401.4238278509022,0.005625223577245585
787,2023-05-30,40.56865561638492,923401000,714397000.0,1543911000.0,37.86540484439774,38.497991938105514,0.07139104370059672,-0.016431690637911913,-0.5372809702113658,410.77757830912685,404.25624235388847,403.6819266317973,0.0014226936709381365
788,2023-05-31,39.462370269421555,1002580000,923401000.0,714397000.0,40.56865561638492,37.86540484439774,-0.027269460379075513,0.07139104370059672,0.2925600191490166,407.127542821317,410.77757830912685,404.25624235388847,0.016131688943790176
789,2023-06-01,38.46401952597585,635873000,1002580000.0,923401000.0,39.462370269421555,40.56865561638492,-0.025298803306280447,-0.027269460379075513,0.08574714560629672,406.9426220280753,407.127542821317,410.77757830912685,-0.008885673611579338
790,2023-06-02,40.070976234421984,482731000,635873000.0,1002580000.0,38.46401952597585,39.462370269421555,0.041778179406364704,-0.025298803306280447,-0.36576333060703387,413.18170178424987,406.9426220280753,407.127542821317,-0.0004542085066518356
791,2023-06-05,38.88374928722303,396094000,482731000.0,635873000.0,40.070976234421984,38.46401952597585,-0.02962810140320697,0.041778179406364704,-0.2408373999210534,416.8609333270958,413.18170178424987,406.9426220280753,0.015331595705264196
792,2023-06-06,38.80479832868184,388729000,396094000.0,482731000.0,38.88374928722303,40.070976234421984,-0.0020304358501543694,-0.02962810140320697,-0.17947262554093274,415.293890112602,416.8609333270958,413.18170178424987,0.008904633305293582
793,2023-06-07,38.893764495503234,511998000,388729000.0,396094000.0,38.80479832868184,38.88374928722303,0.002292658914700133,-0.0020304358501543694,-0.01859407110433382,417.01668496272606,415.293890112602,416.8609333270958,-0.0037591510482565716
794,2023-06-08,37.70342399186317,417772000,511998000.0,388729000.0,38.893764495503234,38.80479832868184,-0.030604918785315544,0.002292658914700133,0.31710780518047277,415.24523735695345,417.01668496272606,415.293890112602,0.004148375141413544
795,2023-06-09,39.0157005810381,427717000,417772000.0,511998000.0,37.70342399186317,38.893764495503234,0.03480523650738279,-0.030604918785315544,-0.18403587514013728,418.4961725304044,415.24523735695345,417.01668496272606,-0.004247905826432205
796,2023-06-12,39.17861302696572,388701000,427717000.0,417772000.0,39.0157005810381,37.70342399186317,0.004175561210011969,0.03480523650738279,0.023804850492613196,419.43057780532433,418.4961725304044,415.24523735695345,0.007828952341857646
797,2023-06-13,40.16407236318805,613208000,388701000.0,427717000.0,39.17861302696572,39.0157005810381,0.02515299190259896,0.004175561210011969,-0.09121919399977088,423.71324852468234,419.43057780532433,418.4961725304044,0.0022327689863209893
798,2023-06-14,40.80172657491871,740465000,613208000.0,388701000.0,40.16407236318805,39.17861302696572,0.01587623401244287,0.02515299190259896,0.5775827692750983,425.3582003938964,423.71324852468234,419.43057780532433,0.01021067834817179
799,2023-06-15,42.57875935956908,568622000,740465000.0,613208000.0,40.80172657491871,40.16407236318805,0.04355288204256358,0.01587623401244287,0.20752664674955318,424.6962888755832,425.3582003938964,423.71324852468234,0.0038822290191340577
800,2023-06-16,43.42629077833163,655709000,568622000.0,740465000.0,42.57875935956908,40.80172657491871,0.01990502850506557,0.04355288204256358,-0.23207443971018213,432.8097068830916,424.6962888755832,425.3582003938964,-0.0015561273244532844
801,2023-06-20,42.974540163328015,451153000,655709000.0,568622000.0,43.42629077833163,42.57875935956908,-0.010402698616595199,0.01990502850506557,0.153154468170419,427.3681054754282,432.8097068830916,424.6962888755832,0.019104047339309996
802,2023-06-21,43.47726740199492,551603000,451153000.0,655709000.0,42.974540163328015,43.42629077833163,0.011698257544030807,-0.010402698616595199,-0.311961556117119,426.1078078795827,427.3681054754282,432.8097068830916,-0.012572734208877816
803,2023-06-22,42.229940185402036,417737000,551603000.0,451153000.0,43.47726740199492,42.974540163328015,-0.02868918152237998,0.011698257544030807,0.22265173898876878,423.94874040657675,426.1078078795827,427.3681054754282,-0.0029489743846079965
804,2023-06-23,42.440832245341774,358140000,417737000.0,551603000.0,42.229940185402036,43.47726740199492,0.00499389909182582,-0.02868918152237998,-0.24268540961524865,422.9522539139059,423.94874040657675,426.1078078795827,-0.005066951210657257
805,2023-06-26,42.43783350035223,594322000,358140000.0,417737000.0,42.440832245341774,42.229940185402036,-7.065707317453362e-05,0.00499389909182582,-0.14266631876036837,422.6494099548632,422.9522539139059,423.94874040657675,-0.0023504881550424853
806,2023-06-27,40.77674114143434,462175000,594322000.0,358140000.0,42.43783350035223,42.440832245341774,-0.039141780385751716,-7.065707317453362e-05,0.6594683643267996,422.3856772792296,422.6494099548632,422.9522539139059,-0.0007160239867272673
807,2023-06-28,40.637814961274316,582639000,462175000.0,594322000.0,40.77674114143434,42.43783350035223,-0.00340699566152579,-0.039141780385751716,-0.22234916425775927,425.0233763190897,422.3856772792296,422.6494099548632,-0.000623998684067181
808,2023-06-29,41.53532305058581,380514000,582639000.0,462175000.0,40.637814961274316,40.77674114143434,0.022085540036214327,-0.00340699566152579,0.26064585925244765,425.91243536260924,425.0233763190897,422.3856772792296,0.006244764398382796
809,2023-06-30,41.657256974665316,501148000,380514000.0,582639000.0,41.53532305058581,40.637814961274316,0.002935668128330274,0.022085540036214327,-0.3469129254993229,431.2661003863023,425.91243536260924,425.0233763190897,0.002091788576946543
810,2023-07-03,42.4938015963702,198209000,501148000.0,380514000.0,41.657256974665316,41.53532305058581,0.020081606002374148,0.002935668128330274,0.3170290712036876,432.7120368595228,431.2661003863023,425.91243536260924,0.01256987253526679
811,2023-07-05,42.11200726932329,323618000,198209000.0,501148000.0,42.4938015963702,41.657256974665316,-0.008984706303130975,0.020081606002374148,-0.6044900907516343,431.72529147444817,432.7120368595228,431.2661003863023,0.003352770996666165
812,2023-07-06,41.82117097723614,303582000,323618000.0,198209000.0,42.11200726932329,42.4938015963702,-0.006906255743810408,-0.008984706303130975,0.6327109263454233,429.29270146449466,431.72529147444817,432.7120368595228,-0.0022803742466609082
813,2023-07-07,42.2989116030443,355881000,303582000.0,323618000.0,41.82117097723614,42.11200726932329,0.011423415811771526,-0.006906255743810408,-0.061912501776786213,428.5208914404252,429.29270146449466,431.72529147444817,-0.005634578418247448
814,2023-07-10,42.633723309603205,353908000,355881000.0,303582000.0,42.2989116030443,41.82117097723614,0.00791537403375659,0.011423415811771526,0.17227305966756923,428.08125946774646,428.5208914404252,429.29270146449466,-0.0017978643043231107
815,2023-07-11,42.45782138833829,298244000,353908000.0,355881000.0,42.633723309603205,42.2989116030443,-0.004125886917910703,0.00791537403375659,-0.005543988018466847,430.2989181802533,428.08125946774646,428.5208914404252,-0.001025928913759527
816,2023-07-12,43.00951883998821,481277000,298244000.0,353908000.0,42.45782138833829,42.633723309603205,0.01299401225992849,-0.004125886917910703,-0.15728381387253185,436.10203718252853,430.2989181802533,428.08125946774646,0.0051804620348579085
817,2023-07-13,44.49370845634322,478204000,481277000.0,298244000.0,43.00951883998821,42.45782138833829,0.03450839852165659,0.01299401225992849,0.6137022035648664,437.5772291022,436.10203718252853,430.2989181802533,0.013486250504223465
818,2023-07-14,46.557577615257735,772075000,478204000.0,481277000.0,44.49370845634322,43.00951883998821,0.04638564036395307,0.03450839852165659,-0.0063850963166741815,440.0978010901068,437.5772291022,436.10203718252853,0.0033826760571954244
819,2023-07-17,46.263742840846305,510488000,772075000.0,478204000.0,46.557577615257735,44.49370845634322,-0.006311212684637931,0.04638564036395307,0.6145306187317546,438.77891210166564,440.0978010901068,437.5772291022,0.005760290573342663
820,2023-07-18,46.67552339505755,569164000,510488000.0,772075000.0,46.263742840846305,46.557577615257735,0.008900718552492177,-0.006311212684637931,-0.3388103487355503,440.1173310466819,438.77891210166564,440.0978010901068,-0.0029968088574274764
821,2023-07-19,47.43810135841546,427502000,569164000.0,510488000.0,46.67552339505755,46.263742840846305,0.01633785564445657,0.008900718552492177,0.11494099763363684,444.5233609336981,440.1173310466819,438.77891210166564,0.0030503265040826406
822,2023-07-20,46.48162003261086,537865000,427502000.0,569164000.0,47.43810135841546,46.67552339505755,-0.020162723600128177,0.01633785564445657,-0.24889487037128138,443.7027014214693,444.5233609336981,440.1173310466819,0.010011034731438138
823,2023-07-21,45.7630136202291,963769000,537865000.0,427502000.0,46.48162003261086,47.43810135841546,-0.015460012191433857,-0.020162723600128177,0.25815785657143125,443.4975198509774,443.7027014214693,444.5233609336981,-0.0018461560951600062
824,2023-07-24,44.70660012989196,382516000,963769000.0,537865000.0,45.7630136202291,46.48162003261086,-0.023084438868120456,-0.015460012191433857,0.7918418190438121,442.9211984560918,443.4975198509774,443.7027014214693,-0.00046243029360554206
825,2023-07-25,44.916483110194,348081000,382516000.0,963769000.0,44.70660012989196,45.7630136202291,0.004694675499640773,-0.023084438868120456,-0.6031040633180773,443.4585236026188,442.9211984560918,443.4975198509774,-0.0012994918101892974
826,2023-07-26,45.99589396822997,364237000,348081000.0,382516000.0,44.916483110194,44.70660012989196,0.024031508775694713,0.004694675499640773,-0.09002237814888789,443.9958014202504,443.4585236026188,442.9211984560918,0.0012131393764849632
827,2023-07-27,46.49361978738997,455976000,364237000.0,348081000.0,45.99589396822997,44.916483110194,0.010821092411070045,0.024031508775694713,0.04641448398504946,448.44093347127927,443.9958014202504,443.4585236026188,0.0012115627257918192
828,2023-07-28,46.64253893821814,331194000,455976000.0,364237000.0,46.49361978738997,45.99589396822997,0.0032030018636785215,0.010821092411070045,0.2518662299546724,445.3733343206396,448.44093347127927,443.9958014202504,0.010011653346292454
829,2023-07-31,46.728490538955285,251055000,331194000.0,455976000.0,46.64253893821814,46.49361978738997,0.0018427727712463668,0.0032030018636785215,-0.27365913995473445,446.86804144792967,445.3733343206396,448.44093347127927,-0.006840586845839667
830,2023-08-01,46.434645552261735,237858000,251055000.0,331194000.0,46.728490538955285,46.64253893821814,-0.006288347500730537,0.0018427727712463668,-0.24196996322397146,445.75429108001924,446.86804144792967,445.3733343206396,0.0033560768283760955
831,2023-08-02,45.80599433851238,530142000,237858000.0,251055000.0,46.434645552261735,46.728490538955285,-0.013538408795256479,-0.006288347500730537,-0.052566170759395354,442.8039172405704,445.75429108001924,446.86804144792967,-0.0024923473254021104
832,2023-08-03,43.776101176403955,324176000,530142000.0,237858000.0,45.80599433851238,46.434645552261735,-0.04431501141765949,-0.013538408795256479,1.228817193451555,437.7140244875459,442.8039172405704,445.75429108001924,-0.00661883440830233
833,2023-08-04,44.960450615371684,362666000,324176000.0,530142000.0,43.776101176403955,45.80599433851238,0.02705470352864848,-0.04431501141765949,-0.3885110027124808,440.33224935749195,437.7140244875459,442.8039172405704,-0.011494687727116997
834,2023-08-07,45.086386746173794,322154000,362666000.0,324176000.0,44.960450615371684,43.776101176403955,0.0028010424512750127,0.02705470352864848,0.11873180000987119,438.3685732437601,440.33224935749195,437.7140244875459,0.005981587802701435
835,2023-08-08,44.82853306928863,353843000,322154000.0,362666000.0,45.086386746173794,44.960450615371684,-0.00571910271578914,0.0028010424512750127,-0.11170608769501414,437.75308218770624,438.3685732437601,440.33224935749195,-0.004459532810956062
836,2023-08-09,44.249839662592294,586449000,353843000.0,322154000.0,44.82853306928863,45.086386746173794,-0.01290904178822645,-0.00571910271578914,0.0983659988701056,438.6812113387593,437.75308218770624,438.3685732437601,-0.001404049226201333
837,2023-08-10,42.13699574373503,492705000,586449000.0,353843000.0,44.249839662592294,44.82853306928863,-0.0477480581843421,-0.01290904178822645,0.6573706417818072,437.86056933276336,438.6812113387593,437.75308218770624,0.002120211573187885
838,2023-08-11,41.728217445224736,533085000,492705000.0,586449000.0,42.13699574373503,44.249839662592294,-0.009701173310891997,-0.0477480581843421,-0.15985021715443287,433.7378155053105,437.86056933276336,438.6812113387593,-0.0018707024253249898
839,2023-08-14,40.463906685181655,690286000,533085000.0,492705000.0,41.728217445224736,42.13699574373503,-0.030298700434608795,-0.009701173310891997,0.08195573416141505,434.4509957738728,433.7378155053105,437.86056933276336,-0.009415677309640722
840,2023-08-15,44.535687703362775,676512000,690286000.0,533085000.0,40.463906685181655,41.728217445224736,0.10062748142092402,-0.030298700434608795,0.29488918277572995,435.9847846856202,434.4509957738728,433.7378155053105,0.0016442658284970169
841,2023-08-16,44.49570885554983,527451000,676512000.0,690286000.0,44.535687703362775,40.463906685181655,-0.0008976811603142233,0.10062748142092402,-0.019954048032264887,432.2626141839306,435.9847846856202,434.4509957738728,0.003530407172885584
842,2023-08-17,43.94600464449855,452395000,527451000.0,676512000.0,44.49570885554983,44.535687703362775,-0.012354094927127223,-0.0008976811603142233,-0.22033755498793814,430.9925582456794,432.2626141839306,435.9847846856202,-0.00853738624014951
843,2023-08-18,42.611732431819654,583768000,452395000.0,527451000.0,43.94600464449855,44.49570885554983,-0.030361627262193675,-0.012354094927127223,-0.14229947426396006,423.3821043537296,430.9925582456794,432.2626141839306,-0.0029381581857338586
844,2023-08-21,44.46972532960602,692573000,583768000.0,452395000.0,42.611732431819654,43.94600464449855,0.04360284813013,-0.030361627262193675,0.29039445617215043,427.46578431087676,423.3821043537296,430.9925582456794,-0.017657970529532014
845,2023-08-22,48.10873868337999,755293000,692573000.0,583768000.0,44.46972532960602,42.611732431819654,0.08183125321332423,0.04360284813013,0.18638397445560564,431.01210724576634,427.46578431087676,423.3821043537296,0.009645376871515872
846,2023-08-23,45.840975904298595,779046000,755293000.0,692573000.0,48.10873868337999,44.46972532960602,-0.047138271364924246,0.08183125321332423,0.09056085062513265,429.12657710260663,431.01210724576634,427.46578431087676,0.008296156242321622
847,2023-08-24,50.18860388203468,1156044000,779046000.0,755293000.0,45.840975904298595,48.10873868337999,0.09484152315632521,-0.047138271364924246,0.031448722548732745,434.44123594864834,429.12657710260663,431.01210724576634,-0.004374657025781805
848,2023-08-25,46.98635035429789,925341000,1156044000.0,779046000.0,50.18860388203468,45.840975904298595,-0.06380439542138874,0.09484152315632521,0.48392264384901534,428.56973935869985,434.44123594864834,429.12657710260663,0.012384827996264943
849,2023-08-28,46.45663639493685,685192000,925341000.0,1156044000.0,46.98635035429789,50.18860388203468,-0.011273783883335517,-0.06380439542138874,-0.1995624734006664,432.0476294868743,428.56973935869985,434.44123594864834,-0.0135150536001203
850,2023-08-29,46.64053709400586,701397000,685192000.0,925341000.0,46.45663639493685,46.98635035429789,0.003958545287386526,-0.011273783883335517,-0.2595248670490122,432.44825375861683,432.0476294868743,428.56973935869985,0.008115108951412868
851,2023-08-30,49.01723659596874,735206000,701397000.0,685192000.0,46.64053709400586,46.45663639493685,0.050957807307676364,0.003958545287386526,0.023650305315882265,439.1501406082771,432.44825375861683,432.0476294868743,0.0009272687648311384
852,2023-08-31,49.353059479355466,528570000,735206000.0,701397000.0,49.01723659596874,46.64053709400586,0.006851118233261328,0.050957807307676364,0.04820237326364384,441.2408216669476,439.1501406082771,432.44825375861683,0.015497546333950847
853,2023-09-01,49.73485103360682,463830000,528570000.0,735206000.0,49.353059479355466,49.01723659596874,0.007735924748719217,0.006851118233261328,-0.2810586420676654,442.725789964758,441.2408216669476,439.1501406082771,0.004760743229581224
854,2023-09-05,48.19668764519063,382653000,463830000.0,528570000.0,49.73485103360682,49.353059479355466,-0.030927274465481495,0.007735924748719217,-0.12248141211192462,440.3420327706711,442.725789964758,441.2408216669476,0.0033654372507973657
855,2023-09-06,48.41855768556727,468670000,382653000.0,463830000.0,48.19668764519063,49.73485103360682,0.004603429223393591,-0.030927274465481495,-0.175014552745618,438.06572453141547,440.3420327706711,442.725789964758,-0.005384274528657262
856,2023-09-07,45.50390990685552,433330000,468670000.0,382653000.0,48.41855768556727,48.19668764519063,-0.060196914530986925,0.004603429223393591,0.22479112929991402,432.8976157401127,438.06572453141547,440.3420327706711,-0.005169409390543288
857,2023-09-08,45.92071940996517,473069000,433330000.0,468670000.0,45.50390990685552,48.41855768556727,0.0091598612946194,-0.060196914530986925,-0.07540486909765934,434.6463996010616,432.8976157401127,438.06572453141547,-0.011797564844478333
858,2023-09-11,46.12661816019719,473966000,473069000.0,433330000.0,45.92071940996517,45.50390990685552,0.004483787555543712,0.0091598612946194,0.09170609004684652,437.90938140223244,434.6463996010616,432.8976157401127,0.004039717007817298
859,2023-09-12,44.7172700232729,349256000,473966000.0,473069000.0,46.12661816019719,45.92071940996517,-0.0305539012643337,0.004483787555543712,0.001896129317287753,436.6491389870466,437.90938140223244,434.6463996010616,0.007507210008332641
860,2023-09-13,44.57933983256991,398355000,349256000.0,473966000.0,44.7172700232729,46.12661816019719,-0.0030844948860073605,-0.0305539012643337,-0.26312013941928325,435.9359440969303,436.6491389870466,437.90938140223244,-0.0028778611939081645
861,2023-09-14,45.92871548306057,370097000,398355000.0,349256000.0,44.57933983256991,44.7172700232729,0.0302690810487239,-0.0030844948860073605,0.14058169365737452,438.72028190714184,435.9359440969303,436.6491389870466,-0.0016333363023932814
862,2023-09-15,45.31999198709531,506831000,370097000.0,398355000.0,45.92871548306057,44.57933983256991,-0.01325365818666917,0.0302690810487239,-0.07093672729098417,438.3756585887244,438.72028190714184,435.9359440969303,0.006387034260227067
863,2023-09-18,42.728198651654026,500271000,506831000.0,370097000.0,45.31999198709531,45.92871548306057,-0.057188742137891026,-0.01325365818666917,0.36945449436228883,434.36580002145035,438.3756585887244,438.72028190714184,-0.0007855194588209249
864,2023-09-19,43.81269066855042,373064000,500271000.0,506831000.0,42.728198651654026,45.31999198709531,0.025381178030410834,-0.057188742137891026,-0.012943170405914398,434.00302941183014,434.36580002145035,438.3756585887244,-0.009147083075239803
865,2023-09-20,43.579802461208814,367108000,373064000.0,500271000.0,43.81269066855042,42.728198651654026,-0.005315542227329446,0.025381178030410834,-0.2542761823091884,435.30697422741883,434.00302941183014,434.36580002145035,-0.000835173049080518
866,2023-09-21,41.563733109931555,450736000,367108000.0,373064000.0,43.579802461208814,43.81269066855042,-0.046261553229200614,-0.005315542227329446,-0.015965089099993567,427.1598433404442,435.30697422741883,434.00302941183014,0.003004460170141729
867,2023-09-22,41.552740535188285,479236000,450736000.0,367108000.0,41.563733109931555,43.579802461208814,-0.00026447515467861347,-0.046261553229200614,0.22780217265763752,423.97354611264154,427.1598433404442,435.30697422741883,-0.01871582898811614
868,2023-09-25,41.571730182940165,419091000,479236000.0,450736000.0,41.552740535188285,41.563733109931555,0.00045700109083777454,-0.00026447515467861347,0.063229917290831,420.7578549675111,423.97354611264154,427.1598433404442,-0.0074592620946889385
869,2023-09-26,41.98154094572675,402282000,419091000.0,479236000.0,41.571730182940165,41.552740535188285,0.009857919335644078,0.00045700109083777454,-0.12550184042935006,420.6793904313852,420.7578549675111,423.97354611264154,-0.0075846504448560635
870,2023-09-27,42.31038955896758,444935000,402282000.0,419091000.0,41.98154094572675,41.571730182940165,0.007833171575716126,0.009857919335644078,-0.040108234249840724,418.71859792881037,420.6793904313852,420.7578549675111,-0.00018648382959357828
871,2023-09-28,42.4403244191023,424663000,444935000.0,402282000.0,42.31038955896758,41.98154094572675,0.0030709918175921263,0.007833171575716126,0.10602761247085378,417.1401834888594,418.71859792881037,420.6793904313852,-0.004661013938819566
872,2023-09-29,43.80670234389687,397830000,424663000.0,444935000.0,42.4403244191023,42.31038955896758,0.03219527521282486,0.0030709918175921263,-0.04556171126119546,423.2088877585555,417.1401834888594,418.71859792881037,-0.0037696306009777957
873,2023-10-02,44.00960280506548,433298000,397830000.0,424663000.0,43.80670234389687,42.4403244191023,0.0046317218670277605,0.03219527521282486,-0.06318657382442078,418.25781794855203,423.2088877585555,417.1401834888594,0.014548356907116687
874,2023-10-03,44.78723595609942,470850000,433298000.0,397830000.0,44.00960280506548,43.80670234389687,0.017669624388076528,0.0046317218670277605,0.08915365859789358,416.7284017851677,418.25781794855203,423.2088877585555,-0.011698879568020973
875,2023-10-04,43.72173808377064,361821000,470850000.0,433298000.0,44.78723595609942,44.00960280506548,-0.02379021276001913,0.017669624388076528,0.08666552811229224,413.7970431891139,416.7284017851677,418.25781794855203,-0.003656634969516463
876,2023-10-05,44.02959243795168,393483000,361821000.0,470850000.0,43.72173808377064,44.78723595609942,0.007041219486544463,-0.02379021276001913,-0.23155782096208985,416.0421426081668,413.7970431891139,416.7284017851677,-0.0070342184105920465
877,2023-10-06,44.17252564280475,434436000,393483000.0,361821000.0,44.02959243795168,43.72173808377064,0.0032462986127909286,0.007041219486544463,0.08750735861102589,413.69897767073206,416.0421426081668,413.7970431891139,0.005425605271971092
878,2023-10-09,44.8212255136796,409675000,434436000.0,393483000.0,44.17252564280475,44.02959243795168,0.014685596112852485,0.0032462986127909286,0.10407819397534328,419.1990103831098,413.69897767073206,416.0421426081668,-0.005632037472803665
879,2023-10-10,45.289010107776726,368582000,409675000.0,434436000.0,44.8212255136796,44.17252564280475,0.010436675676222992,0.014685596112852485,-0.05699573700153763,424.453938649079,419.1990103831098,413.69897767073206,0.013294769891249943
880,2023-10-11,46.17459898720651,378137000,368582000.0,409675000.0,45.289010107776726,44.8212255136796,0.019554167276394394,0.010436675676222992,-0.10030634039177397,427.10103605388923,424.453938649079,419.1990103831098,0.012535640914721388
881,2023-10-12,46.75532306284182,481325000,378137000.0,368582000.0,46.17459898720651,45.289010107776726,0.012576699925346607,0.019554167276394394,0.025923675057382075,428.38534154261254,427.10103605388923,424.453938649079,0.006236477421402188
882,2023-10-13,46.93823975092536,474115000,481325000.0,378137000.0,46.75532306284182,46.17459898720651,0.003912210976228183,0.012576699925346607,0.2728852241383414,426.67944726394114,428.38534154261254,427.10103605388923,0.0030070296728600273
883,2023-10-16,45.04212315084613,375099000,474115000.0,481325000.0,46.93823975092536,46.75532306284182,-0.040395988646801585,0.003912210976228183,-0.014979483716823352,425.3166772093143,426.67944726394114,428.38534154261254,-0.003982149044896077
884,2023-10-17,43.97961605242817,812333000,375099000.0,474115000.0,45.04212315084613,46.93823975092536,-0.023589187722337653,-0.040395988646801585,-0.20884384590236546,424.32646899406546,425.3166772093143,426.67944726394114,-0.0031938966438751874
885,2023-10-18,42.57127011789517,627294000,812333000.0,375099000.0,43.97961605242817,45.04212315084613,-0.032022697352657906,-0.023589187722337653,1.165649601838448,425.67946480009624,424.32646899406546,425.3166772093143,-0.002328166912583908
886,2023-10-19,42.79116734856338,501233000,627294000.0,812333000.0,42.57127011789517,43.97961605242817,0.005165390416100691,-0.032022697352657906,-0.2277871267078895,422.50295577657073,425.67946480009624,424.32646899406546,0.003188572726180084
887,2023-10-20,41.87058984444125,477266000,501233000.0,627294000.0,42.79116734856338,42.57127011789517,-0.02151325988897181,0.005165390416100691,-0.2009599964291066,417.630384814372,422.50295577657073,425.67946480009624,-0.007462208742010224
888,2023-10-23,41.20990005021661,478530000,477266000.0,501233000.0,41.87058984444125,42.79116734856338,-0.015779328561628825,-0.02151325988897181,-0.04781608553307544,411.3851912810497,417.630384814372,422.50295577657073,-0.011532631655186453
889,2023-10-24,43.05704558498647,401463000,478530000.0,477266000.0,41.20990005021661,41.87058984444125,0.04482285888873804,-0.015779328561628825,0.0026484182824672194,414.365675158254,411.3851912810497,417.630384814372,-0.014953877304924017
890,2023-10-25,43.377892970342636,398379000,401463000.0,478530000.0,43.05704558498647,41.20990005021661,0.007451681391443242,0.04482285888873804,-0.16104946398344933,413.6205586800304,414.365675158254,411.3851912810497,0.0072449955427980675
891,2023-10-26,41.833612702341114,541001000,398379000.0,401463000.0,43.377892970342636,43.05704558498647,-0.03560062885159827,0.007451681391443242,-0.007681903438174875,408.2872033429786,413.6205586800304,414.365675158254,-0.0017982099456936146
892,2023-10-27,41.11094855365019,416784000,541001000.0,398379000.0,41.833612702341114,43.377892970342636,-0.017274724844657807,-0.03560062885159827,0.35800581857979463,406.0714590439217,408.2872033429786,413.6205586800304,-0.012894318778718092
893,2023-10-30,41.06796641155254,388028000,416784000.0,541001000.0,41.11094855365019,41.833612702341114,-0.0010455156986114633,-0.017274724844657807,-0.2296058602479478,405.45379155188186,406.0714590439217,408.2872033429786,-0.005426925656534904
894,2023-10-31,40.43126324594468,517969000,388028000.0,416784000.0,41.06796641155254,41.11094855365019,-0.015503644841512189,-0.0010455156986114633,-0.06899497101616185,408.02247391880456,405.45379155188186,406.0714590439217,-0.0015210807809397122
895,2023-11-01,40.86506257244454,437593000,517969000.0,388028000.0,40.43126324594468,41.06796641155254,0.010729304297544467,-0.015503644841512189,0.3348753182760007,410.9832854960481,408.02247391880456,405.45379155188186,0.006335327034656704
896,2023-11-02,43.307920925769054,409172000,437593000.0,517969000.0,40.86506257244454,40.43126324594468,0.059778651971812674,0.010729304297544467,-0.1551753097193075,418.2185601465117,410.9832854960481,408.02247391880456,0.007256491410403846
897,2023-11-03,43.99960568025811,424610000,409172000.0,437593000.0,43.307920925769054,40.86506257244454,0.015971322097743258,0.059778651971812674,-0.06494847952320992,424.65007113079145,418.2185601465117,410.9832854960481,0.0176047905250716
898,2023-11-06,45.2640212668527,400733000,424610000.0,409172000.0,43.99960568025811,43.307920925769054,0.02873697541253005,0.015971322097743258,0.037729854437742565,426.93433544652163,424.65007113079145,418.2185601465117,0.015378349019294163
899,2023-11-07,45.69782127762116,343165000,400733000.0,424610000.0,45.2640212668527,43.99960568025811,0.009583770920639214,0.02873697541253005,-0.05623277831421775,427.15006791628076,426.93433544652163,424.65007113079145,0.005379168569658933
900,2023-11-08,46.07863835763678,346719000,343165000.0,400733000.0,45.69782127762116,45.2640212668527,0.008333374969937767,0.009583770920639214,-0.14365674900744385,428.9736121553414,427.15006791628076,426.93433544652163,0.0005053059729513252
901,2023-11-09,47.445004273987976,540496000,346719000.0,343165000.0,46.07863835763678,45.69782127762116,0.029652914344955827,0.008333374969937767,0.010356534028819956,429.83636242545526,428.9736121553414,427.15006791628076,0.004269095046516667
902,2023-11-10,47.47799081031637,421245000,540496000.0,346719000.0,47.445004273987976,46.07863835763678,0.0006952583698359872,0.029652914344955827,0.5588877448308284,427.4343799178175,429.83636242545526,428.9736121553414,0.002011196599667365
903,2023-11-13,48.29761289799248,384136000,421245000.0,540496000.0,47.47799081031637,47.445004273987976,0.01726320077339952,0.0006952583698359872,-0.22063253012048192,430.6206539716291,427.4343799178175,429.83636242545526,-0.005588132409468513
904,2023-11-14,49.65698656195247,416954000,384136000.0,421245000.0,48.29761289799248,47.47799081031637,0.02814577330832215,0.01726320077339952,-0.08809362722406201,437.57171344667955,430.6206539716291,427.4343799178175,0.00745441687312146
905,2023-11-15,49.91186848194019,475497000,416954000.0,384136000.0,49.65698656195247,48.29761289799248,0.0051328511380714665,0.02814577330832215,0.08543328404523398,441.2874091441976,437.57171344667955,430.6206539716291,0.016141955595814047
906,2023-11-16,48.656453168876766,339756000,475497000.0,416954000.0,49.91186848194019,49.65698656195247,-0.025152641070082866,0.0051328511380714665,0.14040637576327364,440.41484723392745,441.2874091441976,437.57171344667955,0.008491626819864921
907,2023-11-17,49.501058800683616,325205000,339756000.0,475497000.0,48.656453168876766,49.91186848194019,0.017358553219557406,-0.025152641070082866,-0.28547183262985887,441.4148336463822,440.41484723392745,441.2874091441976,-0.0019773097808577066
908,2023-11-20,49.28915491828104,414120000,325205000.0,339756000.0,49.501058800683616,48.656453168876766,-0.004280794947352666,0.017358553219557406,-0.04282779406397532,441.6991798980999,441.4148336463822,440.41484723392745,0.002270555633478906
909,2023-11-21,50.10277517356445,565747000,414120000.0,325205000.0,49.28915491828104,49.501058800683616,0.016507084705192295,-0.004280794947352666,0.2734121554096647,444.2972046934265,441.6991798980999,441.4148336463822,0.0006441701321380675
910,2023-11-22,49.828903283324706,899420000,565747000.0,414120000.0,50.10277517356445,49.28915491828104,-0.005466202007593556,0.016507084705192295,0.36614266396213657,446.0619408364875,444.2972046934265,441.6991798980999,0.005881887296974384
911,2023-11-24,48.447546842242424,294645000,899420000.0,565747000.0,49.828903283324706,50.10277517356445,-0.02772199165668883,-0.005466202007593556,0.5897919034480077,446.15019875571403,446.0619408364875,444.2972046934265,0.003971972194330342
912,2023-11-27,47.77784992335502,395662000,294645000.0,899420000.0,48.447546842242424,49.828903283324706,-0.013823133729930798,-0.02772199165668883,-0.6724055502434902,445.7384589587427,446.15019875571403,446.0619408364875,0.00019786023228301778
913,2023-11-28,48.21365587465316,401491000,395662000.0,294645000.0,47.77784992335502,48.447546842242424,0.009121506137200823,-0.013823133729930798,0.34284308235334043,445.1795942640064,445.7384589587427,446.15019875571403,-0.0009228726068477925
914,2023-11-29,48.356594013738764,382005000,401491000.0,395662000.0,48.21365587465316,47.77784992335502,0.002964681613383857,0.009121506137200823,0.014732271484246655,448.18944083171374,445.1795942640064,445.7384589587427,-0.0012537950977839808
915,2023-11-30,48.00174983128795,526247000,382005000.0,401491000.0,48.356594013738764,48.21365587465316,-0.007338072287514619,0.002964681613383857,-0.04853408918257196,446.5521816854735,448.18944083171374,445.1795942640064,0.006760971541571543
916,2023-12-01,46.50344524286752,369317000,526247000.0,382005000.0,48.00174983128795,48.356594013738764,-0.03121354104145228,-0.007338072287514619,0.3775919163361736,446.8364810922008,446.5521816854735,448.18944083171374,-0.003653051582835032
917,2023-12-04,46.05565315263873,437543000,369317000.0,526247000.0,46.50344524286752,48.00174983128795,-0.009629223983086887,-0.03121354104145228,-0.2982059755210006,446.6697720445167,446.8364810922008,446.5521816854735,0.0006366543897607886
918,2023-12-05,45.448933555568175,371718000,437543000.0,369317000.0,46.05565315263873,46.50344524286752,-0.013173618340831124,-0.009629223983086887,0.1847356065385563,446.33647639663644,446.6697720445167,446.8364810922008,-0.0003730873702984315
919,2023-12-06,47.197275238129286,380590000,371718000.0,437543000.0,45.448933555568175,46.05565315263873,0.038468266376888695,-0.013173618340831124,-0.1504423565226732,449.8168563668903,446.33647639663644,446.6697720445167,-0.0007461790986094749
920,2023-12-07,45.682846700658764,350823000,380590000.0,371718000.0,47.197275238129286,45.448933555568175,-0.032087202700359696,0.038468266376888695,0.023867555512512174,447.9541265914232,449.8168563668903,446.33647639663644,0.007797659734986633
921,2023-12-08,46.57750949930058,359224000,350823000.0,380590000.0,45.682846700658764,47.197275238129286,0.019584217343200646,-0.032087202700359696,-0.07821277490212565,448.49334322710024,447.9541265914232,449.8168563668903,-0.00414108486398697
922,2023-12-11,47.47317498768805,509728000,359224000.0,350823000.0,46.57750949930058,45.682846700658764,0.01922957019419242,0.019584217343200646,0.023946548544422686,450.67960362057033,448.49334322710024,447.9541265914232,0.0012037318191040606
923,2023-12-12,46.02871160445361,372387000,509728000.0,359224000.0,47.47317498768805,46.57750949930058,-0.03042693865765351,0.01922957019419242,0.4189697793020511,452.5816174993822,450.67960362057033,448.49334322710024,0.004874677465085703
924,2023-12-13,47.61112654633229,447792000,372387000.0,509728000.0,46.02871160445361,47.47317498768805,0.03437886672729646,-0.03042693865765351,-0.2694397796471844,455.38550264631397,452.5816174993822,450.67960362057033,0.004220323847655643
925,2023-12-14,48.37183786178311,391232000,447792000.0,372387000.0,47.61112654633229,46.02871160445361,0.015977595378058287,0.03437886672729646,0.20249095698829445,463.23850358677385,455.38550264631397,452.5816174993822,0.006195313814166514
926,2023-12-15,48.17590524193445,479948000,391232000.0,447792000.0,48.37183786178311,47.61112654633229,-0.004050551488420117,0.015977595378058287,-0.1263086432986744,462.15371925824917,463.23850358677385,455.38550264631397,0.017244731979443578
927,2023-12-18,49.381456841806674,412587000,479948000.0,391232000.0,48.17590524193445,48.37183786178311,0.025023953235918793,-0.004050551488420117,0.2267605921805987,463.62045011337096,462.15371925824917,463.23850358677385,-0.002341740421241722
928,2023-12-19,49.40544401373602,464444000,412587000.0,479948000.0,49.381456841806674,48.17590524193445,0.00048575261775268765,0.025023953235918793,-0.14035062131730938,465.14620364597755,463.62045011337096,462.15371925824917,0.0031736861438135346
929,2023-12-20,49.63635651535798,397894000,464444000.0,412587000.0,49.40544401373602,49.381456841806674,0.0046738270697002215,0.00048575261775268765,0.12568743077217653,466.55387622478094,465.14620364597755,463.62045011337096,0.003290953909029439
930,2023-12-21,48.79267736467951,300425000,397894000.0,464444000.0,49.63635651535798,49.40544401373602,-0.01699720144482051,0.0046738270697002215,-0.14328961080345531,463.9649810278423,466.55387622478094,465.14620364597755,0.00302630133873943
931,2023-12-22,49.17653306295307,252507000,300425000.0,397894000.0,48.79267736467951,49.63635651535798,0.007867075942658269,-0.01699720144482051,-0.24496222612052457,466.45545891219285,463.9649810278423,466.55387622478094,-0.005548973717434736
932,2023-12-26,48.949613984887115,244200000,252507000.0,300425000.0,49.17653306295307,48.79267736467951,-0.004614377304220796,0.007867075942658269,-0.1595007073312807,466.66214020597357,466.45545891219285,463.9649810278423,0.005367814352784253
933,2023-12-27,49.49241542635842,233648000,244200000.0,252507000.0,48.949613984887115,49.17653306295307,0.011088983084501774,-0.004614377304220796,-0.03289809787451437,468.01073857552973,466.66214020597357,466.45545891219285,0.000443089023467994
934,2023-12-28,49.62436711615611,246587000,233648000.0,244200000.0,49.49241542635842,48.949613984887115,0.0026660992125959984,0.011088983084501774,-0.04321048321048321,469.42824438739393,468.01073857552973,466.66214020597357,0.002889881679625688
935,2023-12-29,49.79430147307111,389293000,246587000.0,233648000.0,49.62436711615611,49.49241542635842,0.0034244135853104926,0.0026660992125959984,0.05537817571731836,469.04433603914117,469.42824438739393,468.01073857552973,0.003028789074752051
936,2024-01-02,49.22551389912714,411254000,389293000.0,246587000.0,49.79430147307111,49.62436711615611,-0.011422744312450566,0.0034244135853104926,0.5787247502909724,464.78200963737714,469.04433603914117,469.42824438739393,-0.0008178211533772581
937,2024-01-03,47.46717173653147,320896000,411254000.0,389293000.0,49.22551389912714,49.79430147307111,-0.0357201382640486,-0.011422744312450566,0.05641252218765814,463.0790488844653,464.78200963737714,469.04433603914117,-0.009087256948367333
938,2024-01-04,47.74906818641796,306535000,320896000.0,411254000.0,47.46717173653147,49.22551389912714,0.005938766511119869,-0.0357201382640486,-0.21971336449007184,460.9823527120094,463.0790488844653,464.78200963737714,-0.0036639988588209322
939,2024-01-05,48.44380758245641,415039000,306535000.0,320896000.0,47.74906818641796,47.46717173653147,0.014549800078319984,0.005938766511119869,-0.04475281711208616,460.1849727336451,460.9823527120094,463.0790488844653,-0.004527728424567536
940,2024-01-08,49.493411188465835,642510000,415039000.0,306535000.0,48.44380758245641,47.74906818641796,0.021666414313591932,0.014549800078319984,0.353969367282692,461.1102681043068,460.1849727336451,460.9823527120094,-0.0017297407887161343
941,2024-01-09,52.38133132087113,773100000,642510000.0,415039000.0,49.493411188465835,48.44380758245641,0.058349587612953065,0.021666414313591932,0.5480713860625146,464.49649655038183,461.1102681043068,460.1849727336451,0.002010703142184595
942,2024-01-10,53.59587564392309,533796000,773100000.0,642510000.0,52.38133132087113,49.493411188465835,0.023186587519359647,0.058349587612953065,0.20324975486762853,466.75075924281816,464.49649655038183,461.1102681043068,0.007343641381043937
943,2024-01-11,54.978353810668786,596759000,533796000.0,773100000.0,53.59587564392309,52.38133132087113,0.02579448791788608,0.023186587519359647,-0.30953822273961973,470.127169307832,466.75075924281816,464.49649655038183,0.004853131744109544
944,2024-01-12,54.59949057976511,352994000,596759000.0,533796000.0,54.978353810668786,53.59587564392309,-0.006891134503742738,0.02579448791788608,0.11795330051180601,470.3732311137583,470.127169307832,466.75075924281816,0.007233860895033523
945,2024-01-16,54.99734961591672,449580000,352994000.0,596759000.0,54.59949057976511,54.978353810668786,0.007286863520647155,-0.006891134503742738,-0.40848148079878144,467.8335577253936,470.3732311137583,470.127169307832,0.0005233941409695759
946,2024-01-17,56.325847887071866,474394000,449580000.0,352994000.0,54.99734961591672,54.59949057976511,0.02415567805417788,0.007286863520647155,0.273619381632549,464.4473466816844,467.8335577253936,470.3732311137583,-0.005399272790994636
947,2024-01-18,57.23850610997206,491650000,474394000.0,449580000.0,56.325847887071866,54.99734961591672,0.016203186585490675,0.02415567805417788,0.055193736376173315,466.60308346955065,464.4473466816844,467.8335577253936,-0.00723806787219997
948,2024-01-19,57.967230984594906,543501000,491650000.0,474394000.0,57.23850610997206,56.325847887071866,0.012731374806022244,0.016203186585490675,0.03637482767488628,470.18620380449687,466.60308346955065,464.4473466816844,0.004641509534435397
949,2024-01-22,60.0264592424289,452955000,543501000.0,491650000.0,57.967230984594906,57.23850610997206,0.03552400594020515,0.012731374806022244,0.10546323604189972,476.44687692832025,470.18620380449687,466.60308346955065,0.007679161286940019
950,2024-01-23,59.54764104000483,294654000,452955000.0,543501000.0,60.0264592424289,57.967230984594906,-0.007976785711951944,0.03552400594020515,-0.16659766955350588,476.44684499370544,476.44687692832025,470.18620380449687,0.013315305879171574
951,2024-01-24,60.28136484798457,560271000,294654000.0,452955000.0,59.54764104000483,60.0264592424289,0.012321626770854256,-0.007976785711951944,-0.3494850481835944,480.1874353770752,476.44684499370544,476.44687692832025,-6.702660119467937e-08
952,2024-01-25,62.326590967001806,482777000,560271000.0,294654000.0,60.28136484798457,59.54764104000483,0.0339279995430564,0.012321626770854256,0.9014539086521819,479.96104191877174,480.1874353770752,476.44684499370544,0.007851013019971133
953,2024-01-26,60.93711847607482,390309000,482777000.0,560271000.0,62.326590967001806,60.28136484798457,-0.02229341392444561,0.0339279995430564,-0.13831520817604337,479.9709117984805,479.96104191877174,480.1874353770752,-0.0004714689340541973
954,2024-01-29,61.20900862072411,348733000,390309000.0,482777000.0,60.93711847607482,62.326590967001806,0.004461814924117891,-0.02229341392444561,-0.19153356518641113,480.1087519028763,479.9709117984805,479.96104191877174,2.0563918415697683e-05
955,2024-01-30,62.876387020851176,410735000,348733000.0,390309000.0,61.20900862072411,60.93711847607482,0.027240735272463196,0.004461814924117891,-0.1065207310105583,482.8945001134222,480.1087519028763,479.9709117984805,0.00028718428764636024
956,2024-01-31,61.41693329631054,453795000,410735000.0,348733000.0,62.876387020851176,61.20900862072411,-0.023211475622106764,0.027240735272463196,0.17779217911697487,480.9848000978878,482.8945001134222,480.1087519028763,0.005802327492479196
957,2024-02-01,62.07668769492248,369146000,453795000.0,410735000.0,61.41693329631054,62.876387020851176,0.010742223084127365,-0.023211475622106764,0.10483645172678248,477.05718961864164,480.9848000978878,482.8945001134222,-0.003954694068965147
958,2024-02-02,63.94998587832111,476578000,369146000.0,453795000.0,62.07668769492248,61.41693329631054,0.030177160750022698,0.010742223084127365,-0.18653577055718992,481.9987050154295,477.05718961864164,480.9848000978878,-0.008165768395273222
959,2024-02-05,68.19939012424172,680078000,476578000.0,369146000.0,63.94998587832111,62.07668769492248,0.06644886918358407,0.030177160750022698,0.291028481955649,485.9854170794442,481.9987050154295,477.05718961864164,0.010358329157009634
960,2024-02-06,69.60386495591794,683111000,680078000.0,476578000.0,68.19939012424172,63.94998587832111,0.02059365676317096,0.06644886918358407,0.4270025053611371,485.80824421290174,485.9854170794442,481.9987050154295,0.008271209076976798
961,2024-02-07,68.29334720317483,495575000,683111000.0,680078000.0,69.60386495591794,68.19939012424172,-0.018828232506529582,0.02059365676317096,0.004459782554354059,488.5349664241499,485.80824421290174,485.9854170794442,-0.00036456416245401926
962,2024-02-08,70.04768899799114,414422000,495575000.0,683111000.0,68.29334720317483,69.60386495591794,0.025688326413363386,-0.018828232506529582,-0.27453225024922745,490.316670172096,488.5349664241499,485.80824421290174,0.005612754093265643
963,2024-02-09,70.50652846806685,436637000,414422000.0,495575000.0,70.04768899799114,68.29334720317483,0.006550386981201634,0.025688326413363386,-0.16375523381930082,491.04508700467625,490.316670172096,488.5349664241499,0.0036470342358241913
964,2024-02-12,72.57274383383451,613710000,436637000.0,414422000.0,70.50652846806685,70.04768899799114,0.02930530563142776,0.006550386981201634,0.053604779669033015,493.3387363462197,491.04508700467625,490.316670172096,0.0014856048690422548
965,2024-02-13,70.37358093821054,602580000,613710000.0,436637000.0,72.57274383383451,70.50652846806685,-0.030302876527023192,0.02930530563142776,0.4055382388574491,486.8024773905753,493.3387363462197,491.04508700467625,0.004670954668408338
966,2024-02-14,73.17452501401227,504917000,602580000.0,613710000.0,70.37358093821054,72.57274383383451,0.03980107361967305,-0.030302876527023192,-0.018135601505597107,489.02714296345175,486.8024773905753,493.3387363462197,-0.013249028454674908
967,2024-02-15,73.84126585429142,420122000,504917000.0,602580000.0,73.17452501401227,70.37358093821054,0.009111652452154239,0.03980107361967305,-0.16207474526203988,491.48805961534737,489.02714296345175,486.8024773905753,0.004569955323155739
968,2024-02-16,74.07218040927339,495327000,420122000.0,504917000.0,73.84126585429142,73.17452501401227,0.003127174924623054,0.009111652452154239,-0.16793849286120294,493.86046292569625,491.48805961534737,489.02714296345175,0.0050322700637488674
969,2024-02-20,71.91998452531317,704833000,495327000.0,420122000.0,74.07218040927339,73.84126585429142,-0.029055387219177577,0.003127174924623054,0.17900752638519288,489.9425796457356,493.86046292569625,491.48805961534737,0.004826980562265535
970,2024-02-21,67.9804743369606,690298000,704833000.0,495327000.0,71.91998452531317,74.07218040927339,-0.054776293603984436,-0.029055387219177577,0.4229650311814216,487.6785440580605,489.9425796457356,493.86046292569625,-0.007933178648783921
971,2024-02-22,74.99684018330679,865100000,690298000.0,704833000.0,67.9804743369606,71.91998452531317,0.10321148704505922,-0.054776293603984436,-0.02062190618203177,496.13433813189937,487.6785440580605,489.9425796457356,-0.004621022302883248
972,2024-02-23,80.7596734872896,829388000,865100000.0,690298000.0,74.99684018330679,67.9804743369606,0.07684101476671999,0.10321148704505922,0.25322686723704835,501.3121314021241,496.13433813189937,487.6785440580605,0.017338868352658517
973,2024-02-26,79.67008277283831,503973000,829388000.0,865100000.0,80.7596734872896,74.99684018330679,-0.013491767207587536,0.07684101476671999,-0.04128077678881054,500.3572754842892,501.3121314021241,496.13433813189937,0.010436272743629803
974,2024-02-27,79.35119274989219,391705000,503973000.0,829388000.0,79.67008277283831,80.7596734872896,-0.0040026320024715645,-0.013491767207587536,-0.392355568202096,498.78228021530845,500.3572754842892,501.3121314021241,-0.001904713367227526
975,2024-02-28,77.59086697046706,393110000,391705000.0,503973000.0,79.35119274989219,79.67008277283831,-0.022183986382832567,-0.0040026320024715645,-0.22276590214158298,497.433661032477,498.78228021530845,500.3572754842892,-0.003147741316355022
976,2024-02-29,79.06430729405044,507289000,393110000.0,391705000.0,77.59086697046706,79.35119274989219,0.018989868023310034,-0.022183986382832567,0.003586882985920527,500.1308932406561,497.433661032477,498.78228021530845,-0.002703823364072368
977,2024-03-01,79.96996422541928,479135000,507289000.0,393110000.0,79.06430729405044,77.59086697046706,0.01145468748623298,0.018989868023310034,0.29045051003535904,501.026658822268,500.1308932406561,497.433661032477,0.005422295311862733
978,2024-03-04,84.09840760734,615616000,479135000.0,507289000.0,79.96996422541928,79.06430729405044,0.051624924706524376,0.01145468748623298,-0.055498936503649794,504.02902917243324,501.026658822268,500.1308932406561,0.0017910622873297834
979,2024-03-05,85.24198821051228,520639000,615616000.0,479135000.0,84.09840760734,79.96996422541928,0.013598124336809342,0.051624924706524376,0.2848487378296305,502.26694255347593,504.02902917243324,501.026658822268,0.005992436325090378
980,2024-03-06,87.99308922719804,582520000,520639000.0,615616000.0,85.24198821051228,84.09840760734,0.03227401277750221,0.013598124336809342,-0.15427961586443498,502.57212462068674,502.26694255347593,504.02902917243324,-0.003496002247827843
981,2024-03-07,90.12837327546654,608119000,582520000.0,520639000.0,87.99308922719804,85.24198821051228,0.02426649714223809,0.03227401277750221,0.11885586750128208,505.12164582984065,502.57212462068674,502.26694255347593,0.0006076093036489564
982,2024-03-08,95.10675351305797,1142269000,608119000.0,582520000.0,90.12837327546654,87.99308922719804,0.055236548232992094,0.02426649714223809,0.043945272265329946,507.40542549133613,505.12164582984065,502.57212462068674,0.0050729459201067795
983,2024-03-11,86.4006103441235,678364000,1142269000.0,608119000.0,95.10675351305797,90.12837327546654,-0.09154074602850495,0.055236548232992094,0.8783642675200084,502.50322330785735,507.40542549133613,505.12164582984065,0.004521246872609413
984,2024-03-12,88.02008324614344,668075000,678364000.0,1142269000.0,86.4006103441235,95.10675351305797,0.018743766919814168,-0.09154074602850495,-0.40612587752972373,505.4268516808426,502.50322330785735,507.40542549133613,-0.009661312112955485
985,2024-03-13,91.02509163024045,635713000,668075000.0,678364000.0,88.02008324614344,86.4006103441235,0.03414003115281845,0.018743766919814168,-0.015167373268628642,509.0296104159743,505.4268516808426,502.50322330785735,0.005818128595752528
986,2024-03-14,89.54757446626068,602318000,635713000.0,668075000.0,91.02509163024045,88.02008324614344,-0.016231976672780483,0.03414003115281845,-0.04844066908655465,508.8918065234025,509.0296104159743,505.4268516808426,0.007128150637724052
987,2024-03-15,86.90143633231817,642086000,602318000.0,635713000.0,89.54757446626068,91.02509163024045,-0.029550081615437995,-0.016231976672780483,-0.05253156691777579,503.79789760629797,508.8918065234025,509.0296104159743,-0.0002707188142928291
988,2024-03-18,90.35830507117406,668976000,642086000.0,602318000.0,86.90143633231817,89.54757446626068,0.0397791899047162,-0.029550081615437995,0.06602492371139498,507.54026873273324,503.79789760629797,508.8918065234025,-0.010009807294608706
989,2024-03-19,86.67152505126207,672171000,668976000.0,642086000.0,90.35830507117406,86.90143633231817,-0.04080178370995299,0.0397791899047162,0.041879125226215806,505.7135636183011,507.54026873273324,503.79789760629797,0.007428318268528816
990,2024-03-20,89.76749997737916,479063000,672171000.0,668976000.0,86.67152505126207,90.35830507117406,0.03572078516313141,-0.04080178370995299,0.004775956088110784,509.28807432015947,505.7135636183011,507.54026873273324,-0.0035991333633352443
991,2024-03-21,92.26968196617385,480372000,479063000.0,672171000.0,89.76749997737916,86.67152505126207,0.02787403001559833,0.03572078516313141,-0.28728999019594714,516.8122539881692,509.28807432015947,505.7135636183011,0.00706825159341838
992,2024-03-22,91.11106503897344,586719000,480372000.0,479063000.0,92.26968196617385,89.76749997737916,-0.012556854023027442,0.02787403001559833,0.0027324172394862472,515.5483209766468,516.8122539881692,509.28807432015947,0.014773916860420643
993,2024-03-25,93.91013861786189,552136000,586719000.0,480372000.0,91.11106503897344,92.26968196617385,0.030721554815445622,-0.012556854023027442,0.22138467687542154,513.2673235646932,515.5483209766468,516.8122539881692,-0.0024456328226911345
994,2024-03-26,95.8195062336972,513648000,552136000.0,586719000.0,93.91013861786189,91.11106503897344,0.02033185813519971,0.030721554815445622,-0.05894303746768044,514.679364426303,513.2673235646932,515.5483209766468,-0.004424410514289813
995,2024-03-27,93.08140362412708,586067000,513648000.0,552136000.0,95.8195062336972,93.91013861786189,-0.028575628462247298,0.02033185813519971,-0.06970746337858788,515.1534188944993,514.679364426303,513.2673235646932,0.0027510827141750877
996,2024-03-28,89.97043098866838,435212000,586067000.0,513648000.0,93.08140362412708,95.8195062336972,-0.03342206406793287,-0.028575628462247298,0.14098954926330873,516.6345929084168,515.1534188944993,514.679364426303,0.0009210675635397077
997,2024-04-01,90.26933865065378,452441000,435212000.0,586067000.0,89.97043098866838,93.08140362412708,0.0033222877638881486,-0.03342206406793287,-0.25740231065731395,517.246711689566,516.6345929084168,515.1534188944993,0.002875209519323581
998,2024-04-02,88.41893947358703,433064000,452441000.0,435212000.0,90.26933865065378,89.97043098866838,-0.02049864555037755,0.0033222877638881486,0.039587603282997715,511.7270233656594,517.246711689566,516.6345929084168,0.0011848195795470396
999,2024-04-03,88.45493823513225,370067000,433064000.0,452441000.0,88.41893947358703,90.26933865065378,0.00040713858093682824,-0.02049864555037755,-0.04282768360957561,511.21349992961393,511.7270233656594,517.246711689566,-0.010671287413073688
1000,2024-04-04,90.37629845117095,434965000,370067000.0,433064000.0,88.45493823513225,88.41893947358703,0.021721344838106362,0.00040713858093682824,-0.145468106330704,516.940660005626,511.21349992961393,511.7270233656594,-0.00100351049015941
1001,2024-04-05,86.83745712010142,399678000,434965000.0,370067000.0,90.37629845117095,88.45493823513225,-0.03915674122216369,0.021721344838106362,0.17536824412876587,507.99450352753723,516.940660005626,511.21349992961393,0.011203068926780316
1002,2024-04-08,88.67085666122206,283220000,399678000.0,434965000.0,86.83745712010142,90.37629845117095,0.021113003557726707,-0.03915674122216369,-0.08112606761463566,512.6255156348878,507.99450352753723,516.940660005626,-0.017305964050093107
1003,2024-04-09,87.41326961083752,503547000,283220000.0,399678000.0,88.67085666122206,86.83745712010142,-0.014182642389362607,0.021113003557726707,-0.2913795605462397,513.9585589840982,512.6255156348878,507.99450352753723,0.00911626420205859
1004,2024-04-10,83.89843024698811,431929000,503547000.0,283220000.0,87.41326961083752,88.67085666122206,-0.04020944851390885,-0.014182642389362607,0.7779358802344467,507.02678122640623,513.9585589840982,512.6255156348878,0.0026004233276593334
1005,2024-04-11,87.39128560717941,431637000,431929000.0,503547000.0,83.89843024698811,87.41326961083752,0.04163195127618839,-0.04020944851390885,-0.14222704136853165,509.19917018359536,507.02678122640623,513.9585589840982,-0.013487036331087627
1006,2024-04-12,89.66953167082109,426805000,431637000.0,431929000.0,87.39128560717941,83.89843024698811,0.026069487910754693,0.04163195127618839,-0.0006760370338643619,507.9056219639592,509.19917018359536,507.02678122640623,0.004284564519322847
1007,2024-04-15,89.06873054875433,443077000,426805000.0,431637000.0,89.66953167082109,87.39128560717941,-0.00670017017901142,0.026069487910754693,-0.011194591751865572,508.6560925817605,507.9056219639592,509.19917018359536,-0.002540358066902855
1008,2024-04-16,86.40460421758179,370453000,443077000.0,426805000.0,89.06873054875433,89.66953167082109,-0.02991090492430734,-0.00670017017901142,0.03812513911505254,498.59412658447235,508.6560925817605,507.9056219639592,0.0014775788755780636
1009,2024-04-17,88.3109710984958,495400000,370453000.0,443077000.0,86.40460421758179,89.06873054875433,0.022063255750971837,-0.02991090492430734,-0.1639083048770304,499.690155561082,498.59412658447235,508.6560925817605,-0.019781471497209702
1010,2024-04-18,84.94209387359811,447260000,495400000.0,370453000.0,88.3109710984958,86.40460421758179,-0.0381478901544439,0.022063255750971837,0.3372816524633354,495.67138473618996,499.690155561082,498.59412658447235,0.002198238844323749
1011,2024-04-19,83.12269469975273,875198000,447260000.0,495400000.0,84.94209387359811,88.3109710984958,-0.021419288021705958,-0.0381478901544439,-0.09717400080742834,493.16325180181735,495.67138473618996,499.690155561082,-0.008042525513394452
1012,2024-04-22,78.07834524781059,596341000,875198000.0,447260000.0,83.12269469975273,84.94209387359811,-0.06068558617069407,-0.021419288021705958,0.9567991772123597,491.5734660539285,493.16325180181735,495.67138473618996,-0.0050600720792214155
1013,2024-04-23,80.74247130165297,438559000,596341000.0,875198000.0,78.07834524781059,83.12269469975273,0.03412119000968564,-0.06068558617069407,-0.31862161476603007,495.473837893942,491.5734660539285,493.16325180181735,-0.003223650063301431
1014,2024-04-24,83.92242471814481,512208000,438559000.0,596341000.0,80.74247130165297,78.07834524781059,0.039383900012319055,0.03412119000968564,-0.2645835184902598,500.1937382185456,495.473837893942,491.5734660539285,0.007934463736058581
1015,2024-04-25,78.84208734175279,424641000,512208000.0,438559000.0,83.92242471814481,80.74247130165297,-0.060536112885851916,0.039383900012319055,0.1679340750047314,492.9065220761964,500.1937382185456,495.473837893942,0.009526033391926361
1016,2024-04-26,83.79047109382074,551011000,424641000.0,512208000.0,78.84208734175279,83.92242471814481,0.06276322607516018,-0.060536112885851916,-0.17095984443819698,499.98643689086055,492.9065220761964,500.1937382185456,-0.014568787222932564
1017,2024-04-29,87.56622296271497,388971000,551011000.0,424641000.0,83.79047109382074,78.84208734175279,0.04506182886436452,0.06276322607516018,0.29759255465204726,503.679432560198,499.98643689086055,492.9065220761964,0.014363605465885294
1018,2024-04-30,87.21134125053536,363709000,388971000.0,551011000.0,87.56622296271497,83.79047109382074,-0.004052723757775015,0.04506182886436452,-0.29407761369555235,502.16861759935483,503.679432560198,499.98643689086055,0.007386191698123152
1019,2024-05-01,85.04905184528752,559863000,363709000.0,388971000.0,87.21134125053536,87.56622296271497,-0.02479367217889863,-0.004052723757775015,-0.06494571574744647,495.0788828236565,502.16861759935483,503.679432560198,-0.0029995565893244924
1020,2024-05-02,84.42125626969049,377898000,559863000.0,363709000.0,85.04905184528752,87.21134125053536,-0.007381570540481215,-0.02479367217889863,0.539315771674608,497.81403806563185,495.0788828236565,502.16861759935483,-0.014118235443686636
1021,2024-05-03,87.76016278941914,398341000,377898000.0,559863000.0,84.42125626969049,85.04905184528752,0.03955054292324492,-0.007381570540481215,-0.3250170130907025,504.73597832437986,497.81403806563185,495.0788828236565,0.005524685735686269
1022,2024-05-06,89.36062948973989,376203000,398341000.0,377898000.0,87.76016278941914,84.42125626969049,0.018236824653129664,0.03955054292324492,0.05409660807942884,507.2934361066242,504.73597832437986,497.81403806563185,0.013904670679125002
1023,2024-05-07,91.06807385977748,437342000,376203000.0,398341000.0,89.36062948973989,87.76016278941914,0.019107344921217635,0.018236824653129664,-0.05557549938369387,511.0555433826376,507.2934361066242,504.73597832437986,0.005066921899910083
1024,2024-05-08,89.45360566200054,325721000,437342000.0,376203000.0,91.06807385977748,89.36062948973989,-0.0177281469712737,0.019107344921217635,0.16251598206287562,508.7844481717399,511.0555433826376,507.2934361066242,0.007416037756937744
1025,2024-05-09,90.4992620554592,378013000,325721000.0,437342000.0,89.45360566200054,91.06807385977748,0.011689371107182175,-0.0177281469712737,-0.2552258872918677,510.87783646053344,508.7844481717399,511.0555433826376,-0.004443930293497104
1026,2024-05-10,90.2753342742342,335325000,378013000.0,325721000.0,90.4992620554592,89.45360566200054,-0.0024743603001732197,0.011689371107182175,0.1605423046103874,515.252092011188,510.87783646053344,508.7844481717399,0.004114489537398243
1027,2024-05-13,90.44827727503778,289680000,335325000.0,378013000.0,90.2753342742342,90.4992620554592,0.001915728168651546,-0.0024743603001732197,-0.11292733318695389,515.9926909456875,515.252092011188,510.87783646053344,0.008562233940231739
1028,2024-05-14,89.56956971282393,296507000,289680000.0,335325000.0,90.44827727503778,90.2753342742342,-0.009715028176179051,0.001915728168651546,-0.1361216730038023,514.5609091971558,515.9926909456875,515.252092011188,0.0014373526007604243
1029,2024-05-15,92.44161932872312,417735000,296507000.0,289680000.0,89.56956971282393,90.44827727503778,0.032065015217863514,-0.009715028176179051,0.023567384700359018,519.2215783394845,514.5609091971558,515.9926909456875,-0.002774810135212688
1030,2024-05-16,94.87882442022669,323952000,417735000.0,296507000.0,92.44161932872312,89.56956971282393,0.026364803096285572,0.032065015217863514,0.40885375387427614,523.2206401278181,519.2215783394845,514.5609091971558,0.009057565506871786
1031,2024-05-17,94.33799437588382,359691000,323952000.0,417735000.0,94.87882442022669,92.44161932872312,-0.005700218648868209,0.026364803096285572,-0.2245035728392402,522.1641103603855,523.2206401278181,519.2215783394845,0.007702033111033184
1032,2024-05-20,93.71920279909754,318764000,359691000.0,323952000.0,94.33799437588382,94.87882442022669,-0.006559303924999114,-0.005700218648868209,0.11032189954067269,522.9146662253235,522.1641103603855,523.2206401278181,-0.0020192815160627203
1033,2024-05-21,93.56825212335475,328946000,318764000.0,359691000.0,93.71920279909754,94.33799437588382,-0.0016106696518362294,-0.006559303924999114,-0.1137837755184311,522.628312659468,522.9146662253235,522.1641103603855,0.0014373945854301146
1034,2024-05-22,95.42765114316352,548648000,328946000.0,318764000.0,93.56825212335475,93.71920279909754,0.019872114500519285,-0.0016106696518362294,0.031942126463465136,523.9810886138737,522.628312659468,522.9146662253235,-0.0005476105077001552
1035,2024-05-23,101.99448585081109,835065000,548648000.0,328946000.0,95.42765114316352,93.56825212335475,0.06881479978791266,0.019872114500519285,0.6678968584509312,526.2620025028626,523.9810886138737,522.628312659468,0.0025884092415926294
1036,2024-05-24,104.41468788795488,429494000,835065000.0,548648000.0,101.99448585081109,95.42765114316352,0.023728753735607455,0.06881479978791266,0.5220414546302912,521.2162107208669,526.2620025028626,523.9810886138737,0.004353046204439974
1037,2024-05-28,110.2077900069521,652728000,429494000.0,835065000.0,104.41468788795488,101.99448585081109,0.05548167825980251,0.023728753735607455,-0.48567596534401514,523.6058519754333,521.2162107208669,526.2620025028626,-0.009587984232185319
1038,2024-05-29,113.01286640628571,557442000,652728000.0,429494000.0,110.2077900069521,104.41468788795488,0.02545261454890499,0.05548167825980251,0.5197604623114642,519.0734544486314,523.6058519754333,521.2162107208669,0.004584740853054868
1039,2024-05-30,114.612337538274,487350000,557442000.0,652728000.0,113.01286640628571,110.2077900069521,0.014153000298551259,0.02545261454890499,-0.14598117439423466,517.9280829339874,519.0734544486314,523.6058519754333,-0.008656124658848453
1040,2024-05-31,112.48303762096089,613263000,487350000.0,557442000.0,114.612337538274,113.01286640628571,-0.018578278421396425,0.014153000298551259,-0.12573864186767414,517.0097246001139,517.9280829339874,519.0734544486314,-0.0022065692337525614
1041,2024-06-03,113.58368201334555,438392000,613263000.0,487350000.0,112.48303762096089,114.612337538274,0.009784981057264443,-0.018578278421396425,0.2583625730994152,522.3715691266408,517.0097246001139,517.9280829339874,-0.0017731387119831463
1042,2024-06-04,115.67800167050594,403324000,438392000.0,613263000.0,113.58368201334555,112.48303762096089,0.01843856106825548,0.009784981057264443,-0.2851484599592671,519.8437132727871,522.3715691266408,517.0097246001139,0.010370877512360181
1043,2024-06-05,118.33211671671947,528402000,403324000.0,438392000.0,115.67800167050594,113.58368201334555,0.02294399114685126,0.01843856106825548,-0.07999233562656252,524.099489436186,519.8437132727871,522.3715691266408,-0.004839191110802665
1044,2024-06-06,124.00724541916884,664696000,528402000.0,403324000.0,118.33211671671947,115.67800167050594,0.047959327187861556,0.02294399114685126,0.3101179200841011,528.2565984124882,524.099489436186,519.8437132727871,0.008186645437348332
1045,2024-06-07,119.73066046106749,412386000,664696000.0,528402000.0,124.00724541916884,118.33211671671947,-0.03448657329372696,0.047959327187861556,0.25793619252008887,526.9531905962492,528.2565984124882,524.099489436186,0.007931908082517536
1046,2024-06-10,120.33046067723372,314162700,412386000.0,664696000.0,119.73066046106749,124.00724541916884,0.005009579115796036,-0.03448657329372696,-0.37958705934743103,526.4792263610262,526.9531905962492,528.2565984124882,-0.002467376309460142
1047,2024-06-11,121.73999195116299,222551200,314162700.0,412386000.0,120.33046067723372,119.73066046106749,0.011713835931453021,0.005009579115796036,-0.238182916005878,527.3580331066662,526.4792263610262,526.9531905962492,-0.0008994427658492538
1048,2024-06-12,123.02967165119686,299595000,222551200.0,314162700.0,121.73999195116299,120.33046067723372,0.010593722566954317,0.011713835931453021,-0.2916052733185703,534.8230835871974,527.3580331066662,526.4792263610262,0.0016692144754014147
1049,2024-06-13,129.3581169536998,260704500,299595000.0,222551200.0,123.02967165119686,121.73999195116299,0.051438366188969485,0.010593722566954317,0.346184608305864,536.323966242378,534.8230835871974,527.3580331066662,0.014155564174408402
1050,2024-06-14,129.92799370452428,309320400,260704500.0,299595000.0,129.3581169536998,123.02967165119686,0.0044054193447207405,0.051438366188969485,-0.1298102438291694,534.0824115662374,536.323966242378,534.8230835871974,0.0028063161468532354
1051,2024-06-17,132.9572533982128,288504400,309320400.0,260704500.0,129.92799370452428,129.3581169536998,0.02331491164696583,0.0044054193447207405,0.18647894455216538,535.2673734870664,534.0824115662374,536.323966242378,-0.004179478854628662
1052,2024-06-18,131.10769173939232,294335100,288504400.0,309320400.0,132.9572533982128,129.92799370452428,-0.013910949658992719,0.02331491164696583,-0.06729591711377587,540.2834997560115,535.2673734870664,534.0824115662374,0.0022186874069752478
1053,2024-06-20,139.76557010788932,517768400,294335100.0,288504400.0,131.10769173939232,132.9572533982128,0.06603638774837547,-0.013910949658992719,0.020210090383370235,542.5348869014116,540.2834997560115,535.2673734870664,0.009371253540575225
1054,2024-06-21,127.08867825178737,655484700,517768400.0,294335100.0,139.76557010788932,131.10769173939232,-0.09070110647648248,0.06603638774837547,0.7591119781500745,539.2924747513658,542.5348869014116,540.2834997560115,0.004167047756255478
1055,2024-06-24,123.20963548646723,476060900,655484700.0,517768400.0,127.08867825178737,139.76557010788932,-0.030522331482864262,-0.09070110647648248,0.26598050402457935,539.2230582828091,539.2924747513658,542.5348869014116,-0.005976412260904009
1056,2024-06-25,121.1701275508724,425787500,476060900.0,655484700.0,123.20963548646723,127.08867825178737,-0.016553152905146376,-0.030522331482864262,-0.2737269077371295,538.886299065316,539.2230582828091,539.2924747513658,-0.00012871766584303602
1057,2024-06-26,126.09892059020918,362975900,425787500.0,476060900.0,121.1701275508724,123.20963548646723,0.04067663490134946,-0.016553152905146376,-0.1056028755984791,538.5891576447825,538.886299065316,539.2230582828091,-0.000624526737720563
1058,2024-06-27,124.06941564080125,252571700,362975900.0,425787500.0,126.09892059020918,121.1701275508724,-0.016094546566368478,0.04067663490134946,-0.1475186566068755,540.2533395091051,538.5891576447825,538.886299065316,-0.0005513991004204762
1059,2024-06-28,124.54930428199576,315516700,252571700.0,362975900.0,124.06941564080125,126.09892059020918,0.00386790442040811,-0.016094546566368478,-0.30416399546085565,542.026493914631,540.2533395091051,538.5891576447825,0.0030898911363161333
1060,2024-07-01,123.4395813225982,284885500,315516700.0,252571700.0,124.54930428199576,124.06941564080125,-0.008909908937628441,0.00386790442040811,0.2492163611362635,540.5108902585941,542.026493914631,540.2533395091051,0.0032820794909608243
1061,2024-07-02,121.10014907077634,218374000,284885500.0,315516700.0,123.4395813225982,124.54930428199576,-0.01895204298941979,-0.008909908937628441,-0.09708265838226629,538.599012790672,540.5108902585941,542.026493914631,-0.00279618002635051
1062,2024-07-03,121.63003350315482,215749000,218374000.0,284885500.0,121.10014907077634,123.4395813225982,0.004375588605335179,-0.01895204298941979,-0.23346748079491586,543.5422235199119,538.599012790672,540.5108902585941,-0.003537167339972541
1063,2024-07-05,127.34860945857926,214176700,215749000.0,218374000.0,121.63003350315482,121.10014907077634,0.047016150458234596,0.004375588605335179,-0.012020661800397483,546.5932717248053,543.5422235199119,538.599012790672,0.00917790529103906
1064,2024-07-08,127.4585719244731,237677300,214176700.0,215749000.0,127.34860945857926,121.63003350315482,0.0008634759842400137,0.047016150458234596,-0.007287635168645046,550.2288458063081,546.5932717248053,543.5422235199119,0.0056132680643192386
1065,2024-07-09,130.3178959397844,285366600,237677300.0,214176700.0,127.4585719244731,127.34860945857926,0.022433359892072298,0.0008634759842400137,0.10972528757796716,551.0412210519627,550.2288458063081,546.5932717248053,0.006651333394629137
1066,2024-07-10,133.99698191654937,248978600,285366600.0,237677300.0,130.3178959397844,127.4585719244731,0.028231625059884063,0.022433359892072298,0.20064726416868586,551.843584377519,551.0412210519627,550.2288458063081,0.0014764315826883785
1067,2024-07-11,135.71655549549055,374782700,248978600.0,285366600.0,133.99698191654937,130.3178959397844,0.012832927684983949,0.028231625059884063,-0.12751317077751917,556.1725197853549,551.843584377519,551.0412210519627,0.001456085851480626
1068,2024-07-12,128.2284060345482,252680500,374782700.0,248978600.0,135.71655549549055,133.99698191654937,-0.05517491534915337,0.012832927684983949,0.5052807751348911,552.3983011311424,556.1725197853549,551.843584377519,0.007844497119086549
1069,2024-07-15,130.52782847793975,208326200,252680500.0,374782700.0,128.2284060345482,135.71655549549055,0.0179322391543418,-0.05517491534915337,-0.325794653808727,556.7570888076156,552.3983011311424,556.1725197853549,-0.006786057419142378
1070,2024-07-16,128.40835436238444,214769500,208326200.0,252680500.0,130.52782847793975,128.2284060345482,-0.016237718349183403,0.0179322391543418,-0.1755351125235228,557.5891048142814,556.7570888076156,552.3983011311424,0.007890660900925515
1071,2024-07-17,121.32010271185337,390086200,214769500.0,208326200.0,128.40835436238444,130.52782847793975,-0.055200860455910404,-0.016237718349183403,0.03092889900550195,553.5573176550379,557.5891048142814,556.7570888076156,0.0014943967906143104
1072,2024-07-18,121.81997263511246,320979500,390086200.0,214769500.0,121.32010271185337,128.40835436238444,0.004120256347345303,-0.055200860455910404,0.8163016629456231,553.2700660994436,553.5573176550379,557.5891048142814,-0.007230749533003221
1073,2024-07-19,120.32034955926778,217223800,320979500.0,390086200.0,121.81997263511246,121.32010271185337,-0.012310157713928441,0.004120256347345303,-0.17715751031438692,547.2371678865376,553.2700660994436,553.5573176550379,-0.0005189192635210726
1074,2024-07-22,120.3203432330864,258068900,217223800.0,320979500.0,120.32034955926778,121.81997263511246,-5.257781747668502e-08,-0.012310157713928441,-0.32324712325865046,547.8118060573195,547.2371678865376,553.2700660994436,-0.010904074849807087
1075,2024-07-23,122.74974719191928,173911000,258068900.0,217223800.0,120.3203432330864,120.32034955926778,0.02019113221881856,-5.257781747668502e-08,0.1880323426806823,549.3372304392366,547.8118060573195,547.2371678865376,0.0010500715311446813
1076,2024-07-24,119.1406333610656,327776900,173911000.0,258068900.0,122.74974719191928,120.3203432330864,-0.029402209889775464,0.02019113221881856,-0.32610632276884194,543.7105808194543,549.3372304392366,547.8118060573195,0.002784577413356248
1077,2024-07-25,113.01214947730902,460067000,327776900.0,173911000.0,119.1406333610656,122.74974719191928,-0.051439074234091844,-0.029402209889775464,0.8847393206870181,536.2710620902797,543.7105808194543,549.3372304392366,-0.010242614751021563
1078,2024-07-26,116.16136853298354,293399100,460067000.0,327776900.0,113.01214947730902,119.1406333610656,0.02786619907894799,-0.051439074234091844,0.4035979960759895,537.1923231127183,536.2710620902797,543.7105808194543,-0.013682865464862174
1079,2024-07-29,113.66198865142056,248152100,293399100.0,460067000.0,116.16136853298354,113.01214947730902,-0.021516446587432368,0.02786619907894799,-0.36226875650720436,540.8972973275345,537.1923231127183,536.2710620902797,0.0017179017992277556
1080,2024-07-30,111.49251876218644,486833300,248152100.0,293399100.0,113.66198865142056,116.16136853298354,-0.019087030897263893,-0.021516446587432368,-0.15421656030983052,541.1349590395979,540.8972973275345,537.1923231127183,0.006896923234769965
1081,2024-07-31,112.87217777091092,473174200,486833300.0,248152100.0,111.49251876218644,113.66198865142056,0.012374453676728759,-0.019087030897263893,0.9618342943702672,543.8294251634775,541.1349590395979,540.8972973275345,0.0004393841737380696
1082,2024-08-01,117.50104810323892,523462300,473174200.0,486833300.0,112.87217777091092,111.49251876218644,0.041009843379853084,0.012374453676728759,-0.02805703718295359,547.3858336652771,543.8294251634775,541.1349590395979,0.004979286735903547
1083,2024-08-02,103.73443129488524,482027500,523462300.0,473174200.0,117.50104810323892,112.87217777091092,-0.11716165115614997,0.041009843379853084,0.10627819521858968,530.7235665615322,547.3858336652771,543.8294251634775,0.006539566152991015
1084,2024-08-05,92.0373150047539,552842400,482027500.0,523462300.0,103.73443129488524,117.50104810323892,-0.11276021031898283,-0.11716165115614997,-0.07915527058968716,506.83980235904284,530.7235665615322,547.3858336652771,-0.030439711952673285
1085,2024-08-06,103.8144091952266,409012100,552842400.0,482027500.0,92.0373150047539,103.73443129488524,0.1279599930730746,-0.11276021031898283,0.14691049784503996,514.348656712232,506.83980235904284,530.7235665615322,-0.04500226804931269
1086,2024-08-07,107.78343659639361,411440400,409012100.0,552842400.0,103.8144091952266,92.0373150047539,0.03823195095878374,0.1279599930730746,-0.26016510311075997,523.511906231245,514.348656712232,506.83980235904284,0.014815044750313321
1087,2024-08-08,101.97486813365401,391910000,411440400.0,409012100.0,107.78343659639361,103.8144091952266,-0.0538911046647213,0.03823195095878374,0.005936988172232557,518.994631875678,523.511906231245,514.348656712232,0.017815249246659646
1088,2024-08-09,105.6139698534446,290844200,391910000.0,411440400.0,101.97486813365401,107.78343659639361,0.035686260609045124,-0.0538911046647213,-0.0474683575069439,524.8393438265869,518.994631875678,523.511906231245,-0.008628790103527526
1089,2024-08-12,106.29380933051287,325559900,290844200.0,391910000.0,105.6139698534446,101.97486813365401,0.006437022280401455,0.035686260609045124,-0.25788012553902684,529.1980901235476,524.8393438265869,518.994631875678,0.011261603862424746
1090,2024-08-13,112.41229629244809,312646700,325559900.0,290844200.0,106.29380933051287,105.6139698534446,0.05756202548833515,0.006437022280401455,0.11936184390130523,531.4962747235434,529.1980901235476,524.8393438265869,0.008304915300711306
1091,2024-08-14,118.5007970340635,339246400,312646700.0,325559900.0,112.41229629244809,106.29380933051287,0.054162230845064885,0.05756202548833515,-0.03966459014147627,537.7569791487715,531.4962747235434,529.1980901235476,0.004342768129528337
1092,2024-08-15,118.73074633761901,318086700,339246400.0,312646700.0,118.5007970340635,112.41229629244809,0.00194048740017685,0.054162230845064885,0.08507910046707673,544.3445900065761,537.7569791487715,531.4962747235434,0.011779394744553258
1093,2024-08-16,121.90995234205361,302589900,318086700.0,339246400.0,118.73074633761901,118.5007970340635,0.026776602543997444,0.00194048740017685,-0.06237265892873145,546.246535635152,544.3445900065761,537.7569791487715,0.012250163388362384
1094,2024-08-19,124.2493798220781,318333600,302589900.0,318086700.0,121.90995234205361,118.73074633761901,0.01918979898753912,0.026776602543997444,-0.04871879270651681,549.5255203879397,546.246535635152,544.3445900065761,0.0034940103447209203
1095,2024-08-20,128.36835370467122,300087400,318333600.0,302589900.0,124.2493798220781,121.90995234205361,0.0331508607004026,0.01918979898753912,0.052029826507758524,553.9041032003555,549.5255203879397,546.246535635152,0.00600275615290631
1096,2024-08-21,127.2886435744744,257883600,300087400.0,318333600.0,128.36835370467122,124.2493798220781,-0.008411030437305716,0.0331508607004026,-0.057317857744202935,554.5182893635274,553.9041032003555,549.5255203879397,0.007967933517127247
1097,2024-08-22,129.98796994394152,376189100,257883600.0,300087400.0,127.2886435744744,128.36835370467122,0.021206340908863454,-0.008411030437305716,-0.1406383606909187,557.2820707271261,554.5182893635274,553.9041032003555,0.0011088312211865552
1098,2024-08-23,125.82898983127045,323230300,376189100.0,257883600.0,129.98796994394152,127.2886435744744,-0.031995115505416935,0.021206340908863454,0.4587554229892866,554.2805573415312,557.2820707271261,554.5182893635274,0.004984112186400464
1099,2024-08-26,129.53808260280766,331964700,323230300.0,376189100.0,125.82898983127045,129.98796994394152,0.02947725143872567,-0.031995115505416935,-0.14077707195663033,557.896216929936,554.2805573415312,557.2820707271261,-0.005385985918546752
1100,2024-08-27,125.01920259136338,303134600,331964700.0,323230300.0,129.53808260280766,125.82898983127045,-0.03488456769350342,0.02947725143872567,0.027022219142202944,554.240856351132,557.896216929936,554.2805573415312,0.006523157885505532
1101,2024-08-28,128.0884319398247,448101100,303134600.0,331964700.0,125.01920259136338,129.53808260280766,0.024550063389008815,-0.03488456769350342,-0.08684688462357594,555.944805281924,554.240856351132,557.896216929936,-0.006552044032345635
1102,2024-08-29,121.33010304223866,453023300,448101100.0,303134600.0,128.0884319398247,125.01920259136338,-0.052762991905163266,0.024550063389008815,0.47822485456955427,555.0531441896234,555.944805281924,554.240856351132,0.0030743834765448114
1103,2024-08-30,119.50054804230363,333751600,453023300.0,448101100.0,121.33010304223866,128.0884319398247,-0.015079151455909537,-0.052762991905163266,0.010984574686382158,555.5088687841893,555.0531441896234,555.944805281924,-0.001603866218065423
1104,2024-09-03,115.9814171340765,477155100,333751600.0,453023300.0,119.50054804230363,121.33010304223866,-0.02944865915578358,-0.015079151455909537,-0.26327939423866276,555.2116295150004,555.5088687841893,555.0531441896234,0.000821046776036722
1105,2024-09-04,105.38403194779274,372470300,477155100.0,333751600.0,115.9814171340765,119.50054804230363,-0.0913714062834135,-0.02944865915578358,0.4296713483920377,545.0379813982295,555.2116295150004,555.5088687841893,-0.0005350756502582688
1106,2024-09-05,104.96413183407385,306850700,372470300.0,477155100.0,105.38403194779274,115.9814171340765,-0.003984475692929458,-0.0913714062834135,-0.21939365208503483,545.7215723262182,545.0379813982295,555.2116295150004,-0.01832391033606047
1107,2024-09-06,108.01337995723738,413638100,306850700.0,372470300.0,104.96413183407385,105.38403194779274,0.02905038197223162,-0.003984475692929458,-0.17617404662868422,544.7804818962255,545.7215723262182,545.0379813982295,0.0012542078741650605
1108,2024-09-09,104.85415910703641,273912000,413638100.0,306850700.0,108.01337995723738,104.96413183407385,-0.02924842136642429,0.02905038197223162,0.34801093821848866,539.5401323975631,544.7804818962255,545.7215723262182,-0.0017244882330399835
1109,2024-09-10,107.78343479415585,268283700,273912000.0,413638100.0,104.85415910703641,108.01337995723738,0.02793666662406021,-0.02924842136642429,-0.3377979446284083,543.2152768632277,539.5401323975631,544.7804818962255,-0.009619194653270784
1110,2024-09-11,109.3630438515934,441422400,268283700.0,273912000.0,107.78343479415585,104.85415910703641,0.014655397283026644,0.02793666662406021,-0.020547840182248315,543.5520781692663,543.2152768632277,539.5401323975631,0.0068116239089265375
1111,2024-09-12,116.82120128077001,367100500,441422400.0,268283700.0,109.3630438515934,107.78343479415585,0.06819632269285951,0.014655397283026644,0.645356762263231,549.8028664126241,543.5520781692663,543.2152768632277,0.0006200144222443108
1112,2024-09-13,119.06084000976254,238358300,367100500.0,441422400.0,116.82120128077001,109.3630438515934,0.01917150914763962,0.06819632269285951,-0.16836911765238918,554.4587735111908,549.8028664126241,543.5520781692663,0.011499888408873338
1113,2024-09-16,116.77120810734208,248772300,238358300.0,367100500.0,119.06084000976254,116.82120128077001,-0.01923077228610789,0.01917150914763962,-0.35070014886931505,556.4697321910213,554.4587735111908,549.8028664126241,0.00846832088916837
1114,2024-09-17,118.15099033708098,231925900,248772300.0,238358300.0,116.77120810734208,119.06084000976254,0.011816116764592698,-0.01923077228610789,0.04369052808314206,559.7982156086712,556.4697321910213,554.4587735111908,0.0036268858495931973
1115,2024-09-18,115.87135202544096,310318900,231925900.0,248772300.0,118.15099033708098,116.77120810734208,-0.01929428018450199,0.011816116764592698,-0.06771815029245619,558.4510079757443,559.7982156086712,556.4697321910213,0.005981427605315438
1116,2024-09-19,117.3311230698782,293506400,310318900.0,231925900.0,115.87135202544096,118.15099033708098,0.01259820498268404,-0.01929428018450199,0.33800882092081996,565.6527944370424,558.4510079757443,559.7982156086712,-0.0024065950825906076
1117,2024-09-20,117.041165532472,382462400,293506400.0,310318900.0,117.3311230698782,115.87135202544096,-0.0024712755645705468,0.01259820498268404,-0.054178137393500685,564.237952213736,565.6527944370424,558.4510079757443,0.012896004051282635
1118,2024-09-23,116.5312567610485,206228500,382462400.0,293506400.0,117.041165532472,117.3311230698782,-0.0043566617702728485,-0.0024712755645705468,0.3030802735476978,565.7284114396389,564.237952213736,565.6527944370424,-0.002501255606302692
1119,2024-09-24,116.5012492087513,354966800,206228500.0,382462400.0,116.5312567610485,117.041165532472,-0.00025750646763146026,-0.0043566617702728485,-0.46078751793640366,566.8610977742745,565.7284114396389,564.237952213736,0.0026415437317805646
1120,2024-09-25,122.00036937142775,284692900,354966800.0,206228500.0,116.5012492087513,116.5312567610485,0.04720224203624562,-0.00025750646763146026,0.7212305767631535,567.5170087741786,566.8610977742745,565.7284114396389,0.0020021733251000136
1121,2024-09-26,126.77960826024157,302582900,284692900.0,354966800.0,122.00036937142775,116.5012492087513,0.039173970648101256,0.04720224203624562,-0.19797316256055497,570.7364392510955,567.5170087741786,566.8610977742745,0.00115709298535299
1122,2024-09-27,123.9500642912149,271009200,302582900.0,284692900.0,126.77960826024157,122.00036937142775,-0.02231860476503796,0.039173970648101256,0.06283964229525921,569.7527127715928,570.7364392510955,567.5170087741786,0.005672835222808077
1123,2024-09-30,118.29096227592748,226553700,271009200.0,302582900.0,123.9500642912149,126.77960826024157,-0.04565630560700332,-0.02231860476503796,-0.10434727144197507,566.8015219435828,569.7527127715928,570.7364392510955,-0.0017236090283520803
1124,2024-10-01,121.75040758040218,302094500,226553700.0,271009200.0,118.29096227592748,123.9500642912149,0.029245220749875532,-0.04565630560700332,-0.16403686664511757,569.7626465103712,566.8015219435828,569.7527127715928,-0.0051797749477203395
1125,2024-10-02,116.42127087200362,221845900,302094500.0,226553700.0,121.75040758040218,118.29096227592748,-0.04377099686404977,0.029245220749875532,0.3334344131214807,564.108796170998,569.7626465103712,566.8015219435828,0.005224270669977354
1126,2024-10-03,120.90054847309592,277118000,221845900.0,302094500.0,116.42127087200362,121.75040758040218,0.03847473548039974,-0.04377099686404977,-0.265640718384479,563.7609747596233,564.108796170998,569.7626465103712,-0.009923167785746187
1127,2024-10-04,124.91990339813242,243678100,277118000.0,221845900.0,120.90054847309592,116.42127087200362,0.0332451339203885,0.03847473548039974,0.2491463669150523,568.7192674387571,563.7609747596233,564.108796170998,-0.0006165856900930226
1128,2024-10-07,124.96989107230341,346250200,243678100.0,277118000.0,124.91990339813242,120.90054847309592,0.0004001578036101805,0.0332451339203885,-0.12067025599203228,567.6759791031835,568.7192674387571,563.7609747596233,0.00879502644050156
1129,2024-10-08,130.23904002332463,285722500,346250200.0,243678100.0,124.96989107230341,124.91990339813242,0.04216334755363328,0.0004001578036101805,0.42093277976149684,566.8015630876895,567.6759791031835,568.7192674387571,-0.0018344522426189012
1130,2024-10-09,134.08841860906853,246191600,285722500.0,346250200.0,130.23904002332463,124.96989107230341,0.029556257363802,0.04216334755363328,-0.17480914090446734,569.5241486507804,566.8015630876895,567.6759791031835,-0.0015403435193355197
1131,2024-10-10,131.8887724251562,242311300,246191600.0,285722500.0,134.08841860906853,130.23904002332463,-0.016404445713729756,0.029556257363802,-0.13835417231754588,572.117640001393,569.5241486507804,566.8015630876895,0.004803419292387658
1132,2024-10-11,133.98843884138304,170209500,242311300.0,246191600.0,131.8887724251562,134.08841860906853,0.015919978460777355,-0.016404445713729756,-0.015761301360403848,572.3958058807981,572.117640001393,569.5241486507804,0.004553786449190501
1133,2024-10-14,136.44805696221857,232347700,170209500.0,242311300.0,133.98843884138304,131.8887724251562,0.018356942898239536,0.015919978460777355,-0.2975585538107385,577.533031622562,572.3958058807981,572.117640001393,0.00048620399015202525
1134,2024-10-15,137.84782283581688,377831000,232347700.0,170209500.0,136.44805696221857,133.98843884138304,0.010258598801343846,0.018356942898239536,0.36506892976008976,580.8816580095407,577.533031622562,572.3958058807981,0.008974953500679141
1135,2024-10-16,133.9584403413635,264879700,377831000.0,232347700.0,137.84782283581688,136.44805696221857,-0.028215044782287247,0.010258598801343846,0.6261447821519215,576.1022278881695,580.8816580095407,577.533031622562,0.005798155609508327
1136,2024-10-17,139.31759037510415,306435900,264879700.0,377831000.0,133.9584403413635,137.84782283581688,0.04000606471741551,-0.028215044782287247,-0.29894661899103037,582.1932373716321,576.1022278881695,580.8816580095407,-0.008227889545950693
1137,2024-10-18,138.64768884107772,176090200,306435900.0,264879700.0,139.31759037510415,133.9584403413635,-0.004808449042384047,0.04000606471741551,0.1568870698660562,580.3649320688628,582.1932373716321,576.1022278881695,0.010572792793720883
1138,2024-10-21,138.1077854115753,264554500,176090200.0,306435900.0,138.64768884107772,139.31759037510415,-0.0038940672867708945,-0.004808449042384047,-0.4253604097953275,580.1463096888544,580.3649320688628,582.1932373716321,-0.0031403753692216874
1139,2024-10-22,142.88702644418225,226311600,264554500.0,176090200.0,138.1077854115753,138.64768884107772,0.03460515291273649,-0.0038940672867708945,0.502380598125279,577.3641311814339,580.1463096888544,580.3649320688628,-0.0003766981220402456
1140,2024-10-23,142.00715584596583,285930000,226311600.0,264554500.0,142.88702644418225,138.1077854115753,-0.006157806066180142,0.03460515291273649,-0.14455584766087895,577.5728237328826,577.3641311814339,580.1463096888544,-0.0047956497541330545
1141,2024-10-24,140.79735837298583,172354900,285930000.0,226311600.0,142.00715584596583,142.88702644418225,-0.00851927119991234,-0.006157806066180142,0.2634350161458803,576.3008478263231,577.5728237328826,577.3641311814339,0.0003614574237954421
1142,2024-10-25,140.90732467853542,205122100,172354900.0,285930000.0,140.79735837298583,142.00715584596583,0.0007810253460741756,-0.00851927119991234,-0.3972129542195642,577.82118431004,576.3008478263231,577.5728237328826,-0.0022022779713537894
1143,2024-10-28,142.9770029033179,173586700,205122100.0,172354900.0,140.90732467853542,140.79735837298583,0.014688223124697187,0.0007810253460741756,0.19011469937901387,578.8844678641772,577.82118431004,576.3008478263231,0.002638095171040138
1144,2024-10-29,140.26742736816374,157593600,173586700.0,205122100.0,142.9770029033179,140.90732467853542,-0.018951128364233467,0.014688223124697187,-0.15373965067635326,576.1716647696521,578.8844678641772,577.82118431004,0.0018401602139366904
1145,2024-10-30,139.51754595215704,179418100,157593600.0,173586700.0,140.26742736816374,142.9770029033179,-0.005346083763541675,-0.018951128364233467,-0.09213321066648539,577.6025983681301,576.1716647696521,578.8844678641772,-0.004686259944983606
1146,2024-10-31,137.57788081150406,270039600,179418100.0,157593600.0,139.51754595215704,140.26742736816374,-0.01390266096938174,-0.005346083763541675,0.1384859537443145,571.9089845712656,577.6025983681301,576.1716647696521,0.0024835195584462437
1147,2024-11-01,134.67833522595924,207127800,270039600.0,179418100.0,137.57788081150406,139.51754595215704,-0.021075666876403568,-0.01390266096938174,0.5050856073049486,567.6958554782392,571.9089845712656,577.6025983681301,-0.00985732026301537
1148,2024-11-04,137.18793904541485,187528200,207127800.0,270039600.0,134.67833522595924,137.57788081150406,0.018634057328114937,-0.021075666876403568,-0.23297249736705283,567.5566780058409,567.6958554782392,571.9089845712656,-0.007366782489323522
1149,2024-11-05,137.4278859649573,160537400,187528200.0,207127800.0,137.18793904541485,134.67833522595924,0.001749038007364694,0.018634057328114937,-0.09462563692560824,567.1195331390961,567.5566780058409,567.6958554782392,-0.00024516203712818615
1150,2024-11-06,142.9370107400554,242043900,160537400.0,187528200.0,137.4278859649573,137.18793904541485,0.0400873864602913,0.001749038007364694,-0.14392928636866348,585.4624773142872,567.1195331390961,567.5566780058409,-0.00077022240013235
1151,2024-11-07,146.3664587614797,207323300,242043900.0,160537400.0,142.9370107400554,137.4278859649573,0.023992722414358247,0.0400873864602913,0.5077103528523571,589.3178066973262,585.4624773142872,567.1195331390961,0.03234405289068421
1152,2024-11-08,148.7460628790407,175665800,207323300.0,242043900.0,146.3664587614797,142.9370107400554,0.016257851270685103,0.023992722414358247,-0.14344753162546134,592.3881801994943,589.3178066973262,585.4624773142872,0.006585100723661591
1153,2024-11-11,148.65606583595482,182325600,175665800.0,207323300.0,148.7460628790407,146.3664587614797,-0.0006050381525664849,0.016257851270685103,-0.1526962960747779,596.0050580740726,592.3881801994943,589.3178066973262,0.005210047053176905
1154,2024-11-12,146.7563770410738,198634700,182325600.0,175665800.0,148.65606583595482,148.7460628790407,-0.01277908697635909,-0.0006050381525664849,0.037911761993512684,594.8823246679941,596.0050580740726,592.3881801994943,0.0061055875108114175
1155,2024-11-13,149.04602786184785,191903300,198634700.0,182325600.0,146.7563770410738,148.65606583595482,0.01560171262699702,-0.01277908697635909,0.0894504117907743,593.5805842924092,594.8823246679941,596.0050580740726,-0.0018837648957317646
1156,2024-11-14,147.6162371498861,194463300,191903300.0,198634700.0,149.04602786184785,146.7563770410738,-0.009592947443638216,0.01560171262699702,-0.03388833874443891,593.5309074092812,593.5805842924092,594.8823246679941,-0.002188231725175955
1157,2024-11-15,144.8466877533126,250132900,194463300.0,191903300.0,147.6162371498861,149.04602786184785,-0.01876182085417446,-0.009592947443638216,0.013340051994937034,585.979088998431,593.5309074092812,593.5805842924092,-8.36902089497937e-05
1158,2024-11-18,139.47755210471132,221866000,250132900.0,194463300.0,144.8466877533126,147.6162371498861,-0.037067714366692484,-0.01876182085417446,0.28627303969437934,582.5012570573457,585.979088998431,593.5309074092812,-0.012723547024388826
1159,2024-11-19,141.2972716123141,227834900,221866000.0,250132900.0,139.47755210471132,144.8466877533126,0.013046683714642727,-0.037067714366692484,-0.11300752519960389,581.0009140487828,582.5012570573457,585.979088998431,-0.005935078582803605
1160,2024-11-20,147.38629113505743,309871700,227834900.0,221866000.0,141.2972716123141,139.47755210471132,0.043093680813951984,0.013046683714642727,0.02690317579079264,586.6349164650766,581.0009140487828,582.5012570573457,-0.0025756905936002664
1161,2024-11-21,149.32598496889756,400946600,309871700.0,227834900.0,147.38629113505743,141.2972716123141,0.013160612285593683,0.043093680813951984,0.36007126212884855,589.6358067130162,586.6349164650766,581.0009140487828,0.00969706291343418
1162,2024-11-22,145.90650981286518,236406200,400946600.0,309871700.0,149.32598496889756,147.38629113505743,-0.022899397963084614,0.013160612285593683,0.29391164149549637,589.8941208684593,589.6358067130162,586.6349164650766,0.005115430677093527
1163,2024-11-25,141.9671640146257,344941900,236406200.0,400946600.0,145.90650981286518,149.32598496889756,-0.02699910924668104,-0.022899397963084614,-0.41037983611782713,595.7169908429067,589.8941208684593,589.6358067130162,0.00043809102585378823
1164,2024-11-26,137.6778530821544,190287700,344941900.0,236406200.0,141.9671640146257,145.90650981286518,-0.03021340154424303,-0.02699910924668104,0.45910682545550835,595.0014818573266,595.7169908429067,589.8941208684593,0.009871042562476952
1165,2024-11-27,134.98827330747284,226370900,190287700.0,344941900.0,137.6778530821544,141.9671640146257,-0.019535311703884936,-0.03021340154424303,-0.4483485479728615,596.6509759062111,595.0014818573266,595.7169908429067,-0.0012010887662743685
1166,2024-11-29,136.75800311530705,141863200,226370900.0,190287700.0,134.98827330747284,137.6778530821544,0.013110248501387707,-0.019535311703884936,0.18962444761274638,595.856040278423,596.6509759062111,595.0014818573266,0.0027722520013489234
1167,2024-12-02,138.8076612979231,171682800,141863200.0,226370900.0,136.75800311530705,134.98827330747284,0.014987482530641222,0.013110248501387707,-0.37331520968463705,599.1450560396994,595.856040278423,596.6509759062111,-0.0013323293849987893
1168,2024-12-03,138.23776359782383,164414000,171682800.0,141863200.0,138.8076612979231,136.75800311530705,-0.004105664592072401,0.014987482530641222,0.21019968533065658,599.5623804135435,599.1450560396994,595.856040278423,0.005519816094739095
1169,2024-12-04,141.97715912549498,231224300,164414000.0,171682800.0,138.23776359782383,138.8076612979231,0.02705046313213082,-0.004105664592072401,-0.04233854527069689,601.7882066409081,599.5623804135435,599.1450560396994,0.0006965331177103152
1170,2024-12-05,145.0966598316491,172621200,231224300.0,164414000.0,141.97715912549498,138.23776359782383,0.021971849030989348,0.02705046313213082,0.4063540817691924,603.8053020406198,601.7882066409081,599.5623804135435,0.0037124180903902473
1171,2024-12-06,144.58670004061705,188505600,172621200.0,231224300.0,145.0966598316491,141.97715912549498,-0.0035146211609815782,0.021971849030989348,-0.2534469776749243,603.5866976555247,603.8053020406198,601.7882066409081,0.0033518360404083554
1172,2024-12-09,138.9572148926683,189308600,188505600.0,172621200.0,144.58670004061705,145.0966598316491,-0.03893501370712048,-0.0035146211609815782,0.09201882503423682,603.8350928759075,603.5866976555247,603.8053020406198,-0.0003620444940716747
1173,2024-12-10,138.99721154250668,210020900,189308600.0,188505600.0,138.9572148926683,144.58670004061705,0.0002878342795605515,-0.03893501370712048,0.004259820397908603,601.5298397758172,603.8350928759075,603.5866976555247,0.00041153196607484965
1174,2024-12-11,137.3473626393387,184905200,210020900.0,189308600.0,138.99721154250668,138.9572148926683,-0.011869654684859806,0.0002878342795605515,0.10941024338038526,601.9372318289047,601.5298397758172,603.8350928759075,-0.0038176865294645705
1175,2024-12-12,137.0673914713081,159211400,184905200.0,210020900.0,137.3473626393387,138.99721154250668,-0.0020384167751789396,-0.011869654684859806,-0.11958666970763386,602.7321871244142,601.9372318289047,601.5298397758172,0.0006772599231973858
1176,2024-12-13,138.92722683278515,231514900,159211400.0,184905200.0,137.0673914713081,137.3473626393387,0.013568766002717478,-0.0020384167751789396,-0.13895661127972606,602.5533686161162,602.7321871244142,601.9372318289047,0.0013206614468656297
1177,2024-12-16,134.16764608739564,237951100,231514900.0,159211400.0,138.92722683278515,137.0673914713081,-0.0342595246007337,0.013568766002717478,0.45413519383662226,602.1558291096032,602.5533686161162,602.7321871244142,-0.00029667987228465596
1178,2024-12-17,129.07812250532473,259410300,237951100.0,231514900.0,134.16764608739564,138.92722683278515,-0.037934060337882346,-0.0342595246007337,0.02780037051610933,600.3573236481737,602.1558291096032,602.5533686161162,-0.0006597581678549526
1179,2024-12-18,133.84768927135005,277444500,259410300.0,237951100.0,129.07812250532473,134.16764608739564,0.036951008222393125,-0.037934060337882346,0.09018323512688112,600.1486460207312,600.3573236481737,602.1558291096032,-0.002986777466040504
1180,2024-12-19,131.7478712095932,209719200,277444500.0,259410300.0,133.84768927135005,129.07812250532473,-0.015688115896419236,0.036951008222393125,0.06951998436453757,587.6086616553114,600.1486460207312,600.3573236481737,-0.0003475890427628112
1181,2024-12-20,129.7980572196654,306528600,209719200.0,277444500.0,131.7478712095932,133.84768927135005,-0.014799586300911927,-0.015688115896419236,-0.2441039559263204,580.0252023798975,587.6086616553114,600.1486460207312,-0.02089479739488853
1182,2024-12-23,136.2674627166313,176053500,306528600.0,209719200.0,129.7980572196654,131.7478712095932,0.049842082659352215,-0.014799586300911927,0.46161438723779225,589.1178420766572,580.0252023798975,587.6086616553114,-0.012905628814338942
1183,2024-12-24,139.98712655305678,105157000,176053500.0,306528600.0,136.2674627166313,129.7980572196654,0.027296786498186672,0.049842082659352215,-0.42565391940588904,594.2723074608894,589.1178420766572,580.0252023798975,0.01567628382258532
1184,2024-12-26,139.68715493157526,116205600,105157000.0,176053500.0,139.98712655305678,136.2674627166313,-0.002142851481188345,0.027296786498186672,-0.4026986115016174,597.7019907423149,594.2723074608894,589.1178420766572,0.008749464056397446
1185,2024-12-27,138.53725762424156,170582600,116205600.0,105157000.0,139.68715493157526,139.98712655305678,-0.00823194736765146,-0.002142851481188345,0.10506766073585211,595.7478442826339,597.7019907423149,594.2723074608894,0.005771231871933219
1186,2024-12-30,134.81759702407376,167734700,170582600.0,116205600.0,138.53725762424156,139.68715493157526,-0.026849532493682944,-0.00823194736765146,0.4679378618586368,586.1268440800185,595.7478442826339,597.7019907423149,-0.0032694327439902063
1187,2024-12-31,138.0173106258272,155659200,167734700.0,170582600.0,134.81759702407376,138.53725762424156,0.0237336495560152,-0.026849532493682944,-0.016695137722135787,588.1407350043717,586.1268440800185,595.7478442826339,-0.01614945030006858
1188,2025-01-02,135.98748671158143,198247200,155659200.0,167734700.0,138.0173106258272,134.81759702407376,-0.014707024104742556,0.0237336495560152,-0.07199166302500318,587.6223507588766,588.1407350043717,586.1268440800185,0.003435930199569974
1189,2025-01-03,139.99711439640743,229322500,198247200.0,155659200.0,135.98748671158143,138.0173106258272,0.029485269430194704,-0.014707024104742556,0.2735977057571926,585.7678951902626,587.6223507588766,588.1407350043717,-0.000881394902006313
1190,2025-01-06,148.57632545203526,265377400,229322500.0,198247200.0,139.99711439640743,135.98748671158143,0.06128134206634758,0.029485269430194704,0.1567502592722621,594.4817066914783,585.7678951902626,587.6223507588766,-0.003155862887480449
1191,2025-01-07,153.0159191493047,351782200,265377400.0,229322500.0,148.57632545203526,139.99711439640743,0.029880895787146516,0.06128134206634758,0.15722356070599267,595.6282397198856,594.4817066914783,585.7678951902626,0.014875877583535625
1192,2025-01-08,142.5668963792699,227349900,351782200.0,265377400.0,153.0159191493047,148.57632545203526,-0.06828716141514135,0.029880895787146516,0.32559215667950625,586.9343761474076,595.6282397198856,594.4817066914783,0.0019286262562867803
1193,2025-01-10,137.43735839735214,207602500,227349900.0,351782200.0,142.5668963792699,153.0159191493047,-0.035979867081287115,-0.06828716141514135,-0.3537197163472171,584.1228111122192,586.9343761474076,595.6282397198856,-0.014596123878489338
1194,2025-01-13,129.97805065881337,204808900,207602500.0,227349900.0,137.43735839735214,142.5668963792699,-0.0542742368270262,-0.035979867081287115,-0.08685906613550302,574.0431617233518,584.1228111122192,586.9343761474076,-0.004790254497689051
1195,2025-01-14,136.0374931021696,195590500,204808900.0,207602500.0,129.97805065881337,137.43735839735214,0.04661896691512939,-0.0542742368270262,-0.01345648535060994,582.6073834279746,574.0431617233518,584.1228111122192,-0.017256044785641796
1196,2025-01-15,133.63770458598145,185217300,195590500.0,204808900.0,136.0374931021696,129.97805065881337,-0.017640640543014237,0.04661896691512939,-0.04500976275933321,588.5595329953718,582.6073834279746,574.0431617233518,0.014919125033929346
1197,2025-01-16,138.6272498193542,209235600,185217300.0,195590500.0,133.63770458598145,136.0374931021696,0.0373363583939929,-0.017640640543014237,-0.053035295681538724,592.3879811065466,588.5595329953718,582.6073834279746,0.010216399133796858
1198,2025-01-17,136.67743145335606,201188800,209235600.0,185217300.0,138.6272498193542,133.63770458598145,-0.014065188255115484,0.0373363583939929,0.12967633153058597,595.1696451072651,592.3879811065466,588.5595329953718,0.006504776316663448
1199,2025-01-21,139.14720257048143,197749000,201188800.0,209235600.0,136.67743145335606,138.6272498193542,0.01807007265839804,-0.014065188255115484,-0.0384580826589739,598.8684661853716,595.1696451072651,592.3879811065466,0.004695679334213518
1200,2025-01-22,144.64670591256592,237651400,197749000.0,201188800.0,139.14720257048143,136.67743145335606,0.039522917029531104,0.01807007265839804,-0.017097373213618254,604.1026949074611,598.8684661853716,595.1696451072651,0.0062147340821455
1201,2025-01-23,145.03666800279981,155915500,237651400.0,197749000.0,144.64670591256592,139.14720257048143,0.0026959624678187474,0.039522917029531104,0.2017830684352386,603.9830991440912,604.1026949074611,598.8684661853716,0.008740197585339714
1202,2025-01-24,148.35634349735062,234657600,155915500.0,237651400.0,145.03666800279981,144.64670591256592,0.02288852564157585,0.0026959624678187474,-0.34393191035272674,607.981053651763,603.9830991440912,604.1026949074611,-0.0001979725705217451
1203,2025-01-27,124.78852130861458,818830900,234657600.0,155915500.0,148.35634349735062,145.03666800279981,-0.15885955149034073,0.02288852564157585,0.5050306095288795,593.0260663058995,607.981053651763,603.9830991440912,0.00661931519828508
1204,2025-01-28,121.79880142784785,579666400,818830900.0,234657600.0,124.78852130861458,148.35634349735062,-0.023958292392718156,-0.15885955149034073,2.4894710420629886,598.818642579001,593.0260663058995,607.981053651763,-0.024597785171163202
1205,2025-01-29,126.48836708502724,467120600,579666400.0,818830900.0,121.79880142784785,124.78852130861458,0.03850255997763187,-0.023958292392718156,-0.29208045275282113,601.9093107246936,598.818642579001,593.0260663058995,0.009767827423143248
1206,2025-01-30,123.08867408422283,392925500,467120600.0,579666400.0,126.48836708502724,121.79880142784785,-0.02687751513559412,0.03850255997763187,-0.19415615602353353,602.1486247469728,601.9093107246936,598.818642579001,0.00516127576185945
1207,2025-01-31,123.76861793270326,390372900,392925500.0,467120600.0,123.08867408422283,126.48836708502724,0.0055240163527570845,-0.02687751513559412,-0.15883499892747183,605.6779717570167,602.1486247469728,601.9093107246936,0.0003975914942919115
1208,2025-02-03,114.7394486968032,371235700,390372900.0,392925500.0,123.76861793270326,123.08867408422283,-0.07295200824501008,0.0055240163527570845,-0.006496396899666731,590.8924323868896,605.6779717570167,602.1486247469728,0.005861255618622359
1209,2025-02-04,116.94924444838958,256550000,371235700.0,390372900.0,114.7394486968032,123.76861793270326,0.019259250211544305,-0.07295200824501008,-0.049022870183867785,596.0369934393696,590.8924323868896,605.6779717570167,-0.0244115521111584
1210,2025-02-05,121.74880228526035,262230800,256550000.0,371235700.0,116.94924444838958,114.7394486968032,0.041039665194150525,0.019259250211544305,-0.3089296099486122,598.8385569367734,596.0369934393696,590.8924323868896,0.008706425688510988
1211,2025-02-06,127.40827329026631,251483600,262230800.0,256550000.0,121.74880228526035,116.94924444838958,0.04648481873148681,0.041039665194150525,0.02214305203664003,604.172498579845,598.8385569367734,596.0369934393696,0.004700318148438672
1212,2025-02-07,129.20811063964976,228186300,251483600.0,262230800.0,127.40827329026631,121.74880228526035,0.01412653435215306,0.04648481873148681,-0.04098374409108312,605.0698408193554,604.172498579845,598.8385569367734,0.008907144640712706
1213,2025-02-10,130.0780330404282,216989100,228186300.0,251483600.0,129.20811063964976,127.40827329026631,0.0067327228644693034,0.01412653435215306,-0.09263944050427145,602.2184015940107,605.0698408193554,604.172498579845,0.001485241783794664
1214,2025-02-11,132.56781502240796,178902400,216989100.0,228186300.0,130.0780330404282,129.20811063964976,0.01914067981951974,0.0067327228644693034,-0.0490704306086737,600.7428358535425,602.2184015940107,605.0698408193554,-0.004712578669403426
1215,2025-02-12,130.00805277951918,160278600,178902400.0,216989100.0,132.56781502240796,130.0780330404282,-0.019309077715855116,0.01914067981951974,-0.17552356316515438,597.4029183001364,600.7428358535425,602.2184015940107,-0.002450216958768751
1216,2025-02-13,131.54790450828392,197430000,160278600.0,178902400.0,130.00805277951918,132.56781502240796,0.011844279610711357,-0.019309077715855116,-0.10410033627273865,602.6670517126223,597.4029183001364,600.7428358535425,-0.005559646081606049
1217,2025-02-14,136.46744211776974,195479600,197430000.0,160278600.0,131.54790450828392,130.00805277951918,0.037397308819738885,0.011844279610711357,0.23179264106374775,608.1106693810499,602.6670517126223,597.4029183001364,0.00881169684852655
1218,2025-02-18,141.25701494818574,219176600,195479600.0,197430000.0,136.46744211776974,131.54790450828392,0.035096816911704576,0.037397308819738885,-0.009878944436002634,609.0478499794664,608.1106693810499,602.6670517126223,0.009032545670048228
1219,2025-02-19,139.49716663707372,167536000,219176600.0,195479600.0,141.25701494818574,136.46744211776974,-0.012458484357449789,0.035096816911704576,0.12122492577230565,608.2502469503253,609.0478499794664,608.1106693810499,0.0015411349374454735
1220,2025-02-20,140.01712771481476,143903600,167536000.0,219176600.0,139.49716663707372,141.25701494818574,0.003727395260247929,-0.012458484357449789,-0.23561183082500595,609.705871640604,608.2502469503253,609.0478499794664,-0.0013095900907752836
1221,2025-02-21,140.02711787829398,228217600,143903600.0,167536000.0,140.01712771481476,139.49716663707372,7.134958159950228e-05,0.003727395260247929,-0.1410586381434438,608.3300054050101,609.705871640604,608.2502469503253,0.0023931345652171364
1222,2025-02-24,136.5474420161462,251381100,228217600.0,143903600.0,140.02711787829398,140.01712771481476,-0.02485001416062982,7.134958159950228e-05,0.5859061204862144,600.2144558088706,608.3300054050101,609.705871640604,-0.0022566065042012667
1223,2025-02-25,129.96804527013506,271428700,251381100.0,228217600.0,136.5474420161462,140.02711787829398,-0.048183961917303,-0.02485001416062982,0.10149743052244875,595.3590701652774,600.2144558088706,608.3300054050101,-0.013340702454313942
1224,2025-02-26,129.97805439122038,322553800,271428700.0,251381100.0,129.96804527013506,136.5474420161462,7.701216914137811e-05,-0.048183961917303,0.07974983003893292,594.1426816591761,595.3590701652774,600.2144558088706,-0.008089418034842066
1225,2025-02-27,134.9875872324259,443175800,322553800.0,271428700.0,129.97805439122038,129.96804527013506,0.03854137427020838,7.701216914137811e-05,0.188355542357901,595.0598849968359,594.1426816591761,595.3590701652774,-0.002043117451395605
1226,2025-02-28,118.00914142194866,389091100,443175800.0,322553800.0,134.9875872324259,129.97805439122038,-0.1257778300848005,0.03854137427020838,0.37395932089468487,583.8038068836951,595.0598849968359,594.1426816591761,0.001543742548672703
1227,2025-03-03,123.49864257535764,411381400,389091100.0,443175800.0,118.00914142194866,134.9875872324259,0.046517592512438886,-0.1257778300848005,-0.12203892902094383,594.3919179487391,583.8038068836951,595.0598849968359,-0.018915874514378758
1228,2025-03-04,110.63982667322061,398163300,411381400.0,389091100.0,123.49864257535764,118.00914142194866,-0.10412111124452808,0.046517592512438886,0.05728812609694747,577.9713716824587,594.3919179487391,583.8038068836951,0.018136420044197094
1229,2025-03-05,117.56918811598004,284337900,398163300.0,411381400.0,110.63982667322061,123.49864257535764,0.06262990146600275,-0.10412111124452808,-0.032131010298472415,574.9603891205771,577.9713716824587,594.3919179487391,-0.027625789938308956
1230,2025-03-06,113.51955654224739,321181900,284337900.0,398163300.0,117.56918811598004,110.63982667322061,-0.03444466733697064,0.06262990146600275,-0.2858761719123787,573.7540215413394,574.9603891205771,577.9713716824587,-0.005209570420618988
1231,2025-03-07,111.2397716760376,341755500,321181900.0,284337900.0,113.51955654224739,117.56918811598004,-0.020082749930064578,-0.03444466733697064,0.1295782236557279,569.187785314308,573.7540215413394,574.9603891205771,-0.002098175112694143
1232,2025-03-10,109.88989097369002,366487400,341755500.0,321181900.0,111.2397716760376,113.51955654224739,-0.012134874802501696,-0.020082749930064578,0.06405591348703024,565.8877282348667,569.187785314308,573.7540215413394,-0.007958525876236263
1233,2025-03-11,106.98015850635034,354865700,366487400.0,341755500.0,109.88989097369002,111.2397716760376,-0.026478618201890215,-0.012134874802501696,0.07236723329982984,557.7222898220398,565.8877282348667,569.187785314308,-0.005797835379793023
1234,2025-03-12,114.12000274658203,323857500,354865700.0,366487400.0,106.98015850635034,109.88989097369002,0.06673989214371817,-0.026478618201890215,-0.03171104927481818,560.483938216931,557.7222898220398,565.8877282348667,-0.014429431856203679
1235,2025-03-13,117.02999877929688,299033100,323857500.0,354865700.0,114.12000274658203,106.98015850635034,0.025499438859783938,0.06673989214371817,-0.0873800990064692,556.8149774056806,560.483938216931,557.7222898220398,0.00495165505357956
1236,2025-03-14,118.61000061035156,277593500,299033100.0,323857500.0,117.02999877929688,114.12000274658203,0.013500827544520122,0.025499438859783938,-0.07665223130543526,554.442091848548,556.8149774056806,560.483938216931,-0.006546058791483945
1237,2025-03-17,122.73999786376953,255501500,277593500.0,299033100.0,118.61000061035156,117.02999877929688,0.03481997497821046,0.013500827544520122,-0.071696410865553,561.1020658506349,554.442091848548,556.8149774056806,-0.004261533280208006
1238,2025-03-18,118.0,299686900,255501500.0,277593500.0,122.73999786376953,118.61000061035156,-0.03861820063766423,0.03481997497821046,-0.07958399602296164,563.1060336846033,561.1020658506349,554.442091848548,0.012012028127016943
1239,2025-03-19,117.2699966430664,273426200,299686900.0,255501500.0,118.0,122.73999786376953,-0.0061864691265558795,-0.03861820063766423,0.17293597102169656,561.141985813832,563.1060336846033,561.1020658506349,0.003571485396209336
1240,2025-03-20,116.55000305175781,248829700,273426200.0,299686900.0,117.2699966430664,118.0,-0.0061396231936462955,-0.0061864691265558795,-0.08762712017108522,561.6405112658884,561.141985813832,563.1060336846033,-0.0034878828378375657
1241,2025-03-21,116.94000244140625,266498500,248829700.0,273426200.0,116.55000305175781,117.2699966430664,0.003346198021764492,-0.0061396231936462955,-0.08995663180777848,559.280029296875,561.6405112658884,561.141985813832,0.0008884123174876162
1242,2025-03-24,119.87999725341797,228452500,266498500.0,248829700.0,116.94000244140625,116.55000305175781,0.025141053109562123,0.003346198021764492,0.07100760078077496,570.7999877929688,559.280029296875,561.6405112658884,-0.004202834235894291
1243,2025-03-25,120.55000305175781,167447200,228452500.0,266498500.0,119.87999725341797,116.94000244140625,0.005588970751504925,0.025141053109562123,-0.14276252962024177,575.2999877929688,570.7999877929688,559.280029296875,0.020597836312118284
1244,2025-03-26,118.7300033569336,293463300,167447200.0,228452500.0,120.55000305175781,119.87999725341797,-0.01509746701576446,0.005588970751504925,-0.2670371302568368,575.1900024414062,575.2999877929688,570.7999877929688,0.007883672207842035
1245,2025-03-27,111.3499984741211,236902100,293463300.0,167447200.0,118.7300033569336,120.55000305175781,-0.06215787647732365,-0.01509746701576446,0.7525721540879752,567.1799926757812,575.1900024414062,575.2999877929688,-0.0001911791307078561
1246,2025-03-28,111.48999786376953,229872500,236902100.0,293463300.0,111.3499984741211,118.7300033569336,0.0012572913477046416,-0.06215787647732365,-0.19273687714954477,565.530029296875,567.1799926757812,575.1900024414062,-0.01392585012191857
1247,2025-03-31,105.12999725341797,299212700,229872500.0,236902100.0,111.48999786376953,111.3499984741211,-0.057045481498016484,0.0012572913477046416,-0.029673016828470494,549.8300170898438,565.530029296875,567.1799926757812,-0.0029090648475138003
1248,2025-04-01,108.5199966430664,222614000,299212700.0,229872500.0,105.12999725341797,111.48999786376953,0.03224578596227655,-0.057045481498016484,0.30164634743172847,557.4500122070312,549.8300170898438,565.530029296875,-0.027761588940822677
1249,2025-04-02,107.29000091552734,220601200,222614000.0,299212700.0,108.5199966430664,105.12999725341797,-0.011334277235417236,0.03224578596227655,-0.2560008315155072,555.0499877929688,557.4500122070312,549.8300170898438,0.013858819781282278
1250,2025-04-03,103.51000213623047,338769400,220601200.0,222614000.0,107.29000091552734,108.5199966430664,-0.03523160357014986,-0.011334277235417236,-0.009041659554205935,545.1099853515625,555.0499877929688,557.4500122070312,-0.004305362564367754
1251,2025-04-04,98.91000366210938,532273800,338769400.0,220601200.0,103.51000213623047,107.29000091552734,-0.04444013505155756,-0.03523160357014986,0.5356643572201784,523.6699829101562,545.1099853515625,555.0499877929688,-0.017908301342245643
1252,2025-04-07,87.45999908447266,611041300,532273800.0,338769400.0,98.91000366210938,103.51000213623047,-0.11576184565467777,-0.04444013505155756,0.5711979889564996,489.19000244140625,523.6699829101562,545.1099853515625,-0.03933151660683443
1253,2025-04-08,103.80999755859375,472775500,611041300.0,532273800.0,87.45999908447266,98.91000366210938,0.1869425868428098,-0.11576184565467777,0.14798304932536602,521.8599853515625,489.19000244140625,523.6699829101562,-0.06584295757632833
